-- MySQL dump 10.13  Distrib 5.1.36, for Win32 (ia32)
--
-- Host: localhost    Database: bluewild
-- ------------------------------------------------------
-- Server version	5.1.36-community

/*!40101 SET @OLD_CHARACTER_SET_CLIENT=@@CHARACTER_SET_CLIENT */;
/*!40101 SET @OLD_CHARACTER_SET_RESULTS=@@CHARACTER_SET_RESULTS */;
/*!40101 SET @OLD_COLLATION_CONNECTION=@@COLLATION_CONNECTION */;
/*!40101 SET NAMES utf8 */;
/*!40103 SET @OLD_TIME_ZONE=@@TIME_ZONE */;
/*!40103 SET TIME_ZONE='+00:00' */;
/*!40014 SET @OLD_UNIQUE_CHECKS=@@UNIQUE_CHECKS, UNIQUE_CHECKS=0 */;
/*!40014 SET @OLD_FOREIGN_KEY_CHECKS=@@FOREIGN_KEY_CHECKS, FOREIGN_KEY_CHECKS=0 */;
/*!40101 SET @OLD_SQL_MODE=@@SQL_MODE, SQL_MODE='NO_AUTO_VALUE_ON_ZERO' */;
/*!40111 SET @OLD_SQL_NOTES=@@SQL_NOTES, SQL_NOTES=0 */;

--
-- Table structure for table `albums`
--

DROP TABLE IF EXISTS `albums`;
/*!40101 SET @saved_cs_client     = @@character_set_client */;
/*!40101 SET character_set_client = utf8 */;
CREATE TABLE `albums` (
  `id` int(8) NOT NULL AUTO_INCREMENT,
  `collection_id` int(8) NOT NULL DEFAULT '0',
  `name` varchar(64) NOT NULL DEFAULT '',
  `image` varchar(64) NOT NULL DEFAULT '',
  `description` text,
  `timestamp` timestamp NOT NULL DEFAULT CURRENT_TIMESTAMP ON UPDATE CURRENT_TIMESTAMP,
  PRIMARY KEY (`id`),
  UNIQUE KEY `id` (`id`),
  KEY `collection_id` (`collection_id`)
) ENGINE=MyISAM AUTO_INCREMENT=17 DEFAULT CHARSET=utf8;
/*!40101 SET character_set_client = @saved_cs_client */;

--
-- Dumping data for table `albums`
--

LOCK TABLES `albums` WRITE;
/*!40000 ALTER TABLE `albums` DISABLE KEYS */;
INSERT INTO `albums` VALUES (1,3,'FEB 2008','0f9c63d0b90590162683d1e692e28d1a.jpg','','2011-07-29 13:02:36'),(2,3,'JUL 2008','e3a9b664633d8d872e1a42d9b7fcaa58.jpg','','2011-07-29 13:04:22'),(3,4,'JAN 2011','4db7a6baff2beb4c885f44d58b20b872.jpg','Fort Lauderdale, Florida','2011-08-05 21:29:18'),(4,4,'FEB 2011','64b87d7bbed830c7722530a806dcc3c0.jpg','Sea Experience\r\nFort Lauderdale, FL','2011-08-06 12:13:16'),(5,4,'MAR 2011','a7e25ccd8e21b9cfbf5000b43a224ca1.jpg','Fort Lauderdale, FL','2011-08-06 15:50:23'),(6,4,'APR 2011','d627fce974860e3b68475c7396f6b0aa.jpg','','2011-08-06 22:24:37'),(7,4,'MAY 2011','9c84fe2c16c69577cc2df4a4e4735a23.jpg','Scuba diving in Duck Key & Key Largo - Snorkeling in Looe Key','2011-08-07 13:27:31'),(8,1,'MAR 2009','44997d23e2f5a89258b0acc009ad00d4.jpg','Fort Lauderdale, FL','2011-08-08 12:35:17'),(9,1,'JUN 2009','bb5459aebb3b4612bf2e27e9ccd2ccca.jpg','Fort Lauderdale, FL','2011-08-09 02:51:04'),(11,4,'JUL 2011','bd3fdfe29c7a030eb14510b9f5347660.jpg','Duck Key, Florida','2011-08-13 09:02:14'),(12,4,'AUG 2011','90d4842a07afb72b73f451675dc44219.jpg','Florida Diving','2011-08-13 09:39:39'),(13,4,'OCT 2011','d064fb89395c4d1ba52ab2412e22ba52.jpg','Devils Den - Williston, Florida','2011-10-16 22:25:04'),(14,5,'Easy Goin Boat Pics','ae0b7290641bdb0ef2e7e14cdbf39b36.jpg','','2011-11-27 00:32:02'),(15,6,'Sea Time Boat Pics','a6e1c9594945e7e94faa2d3d80b9c670.jpg','','2011-11-27 00:32:28'),(16,7,'Collages','87a0027becd4c3bc0b7b5aae6e51d1fd.jpg','','2011-10-30 17:44:07');
/*!40000 ALTER TABLE `albums` ENABLE KEYS */;
UNLOCK TABLES;

--
-- Table structure for table `collections`
--

DROP TABLE IF EXISTS `collections`;
/*!40101 SET @saved_cs_client     = @@character_set_client */;
/*!40101 SET character_set_client = utf8 */;
CREATE TABLE `collections` (
  `id` int(8) NOT NULL AUTO_INCREMENT,
  `gallery_id` int(8) NOT NULL DEFAULT '0',
  `name` varchar(64) NOT NULL DEFAULT '',
  `image` varchar(64) NOT NULL DEFAULT '',
  `description` text,
  `timestamp` timestamp NOT NULL DEFAULT CURRENT_TIMESTAMP ON UPDATE CURRENT_TIMESTAMP,
  PRIMARY KEY (`id`),
  UNIQUE KEY `id` (`id`),
  KEY `gallery_id` (`gallery_id`)
) ENGINE=MyISAM AUTO_INCREMENT=8 DEFAULT CHARSET=utf8;
/*!40101 SET character_set_client = @saved_cs_client */;

--
-- Dumping data for table `collections`
--

LOCK TABLES `collections` WRITE;
/*!40000 ALTER TABLE `collections` DISABLE KEYS */;
INSERT INTO `collections` VALUES (1,1000,'2009','64b1986b319af0a0475ed07707dbf6d4.jpg','','2011-07-28 17:12:29'),(2,1000,'2010','c930a5ed861af6c6f7ea122a10cb76d5.jpg','','2011-07-28 17:13:27'),(3,1000,'2008','2517c54136cb9069f27f690c73d2ea15.jpg','','2011-07-28 17:14:23'),(4,1000,'2011','e5f51557e8f9bb2da5740ca2ed75d2ed.jpg','','2011-08-05 21:13:49'),(5,1004,'Easy Goin','8483656432078b81c58b5997519dc0b7.jpg','','2011-10-27 03:39:18'),(6,1004,'Sea Time','9e49968dc640cd438a4787717ed04eeb.jpg','','2011-10-27 04:03:51'),(7,1003,'2011','57f47846516cdc9bb131c53d556e806f.jpg','','2011-10-30 17:42:27');
/*!40000 ALTER TABLE `collections` ENABLE KEYS */;
UNLOCK TABLES;

--
-- Table structure for table `divelog`
--

DROP TABLE IF EXISTS `divelog`;
/*!40101 SET @saved_cs_client     = @@character_set_client */;
/*!40101 SET character_set_client = utf8 */;
CREATE TABLE `divelog` (
  `id` int(8) NOT NULL AUTO_INCREMENT,
  `email` varchar(128) NOT NULL,
  `dive_no` int(8) NOT NULL DEFAULT '1',
  `dive_date` date DEFAULT NULL,
  `time_in` varchar(32) NOT NULL DEFAULT '',
  `time_out` varchar(32) NOT NULL DEFAULT '',
  `rnt` int(8) NOT NULL DEFAULT '0',
  `abt` int(8) NOT NULL DEFAULT '0',
  `tbt` int(8) NOT NULL DEFAULT '0',
  `air_temp` varchar(16) NOT NULL DEFAULT '',
  `bottom_temp` varchar(16) NOT NULL DEFAULT '',
  `begin_psi` int(8) NOT NULL DEFAULT '0',
  `end_psi` int(8) NOT NULL DEFAULT '0',
  `viz` varchar(16) NOT NULL DEFAULT '',
  `weight` varchar(16) NOT NULL DEFAULT '',
  `salt` enum('Y','N') NOT NULL DEFAULT 'N',
  `fresh` enum('Y','N') NOT NULL DEFAULT 'N',
  `shore` enum('Y','N') NOT NULL DEFAULT 'N',
  `boat` enum('Y','N') NOT NULL DEFAULT 'N',
  `waves` enum('Y','N') NOT NULL DEFAULT 'N',
  `wetsuit` enum('Y','N') NOT NULL DEFAULT 'N',
  `drysuit` enum('Y','N') NOT NULL DEFAULT 'N',
  `hood` enum('Y','N') NOT NULL DEFAULT 'N',
  `gloves` enum('Y','N') NOT NULL DEFAULT 'N',
  `boots` enum('Y','N') NOT NULL DEFAULT 'N',
  `surge` enum('Y','N') DEFAULT 'N',
  `vest` enum('Y','N') DEFAULT 'N',
  `location` varchar(256) NOT NULL DEFAULT '',
  `site_name` varchar(256) NOT NULL DEFAULT '',
  `si` varchar(16) NOT NULL DEFAULT '',
  `begin_pg` varchar(8) NOT NULL DEFAULT '',
  `end_pg` varchar(8) NOT NULL DEFAULT '',
  `depth` varchar(16) NOT NULL DEFAULT '',
  `safety_stop` varchar(16) NOT NULL DEFAULT '',
  `bottom_time` int(8) NOT NULL DEFAULT '0',
  `computer` enum('Y','N') NOT NULL DEFAULT 'N',
  `computer_desc` varchar(128) NOT NULL DEFAULT '',
  `eanx` enum('Y','N') NOT NULL DEFAULT 'N',
  `eanx_percent` varchar(128) NOT NULL DEFAULT '',
  `comments` text,
  `deleted` enum('Y','N') NOT NULL DEFAULT 'N',
  `timestamp` timestamp NOT NULL DEFAULT CURRENT_TIMESTAMP ON UPDATE CURRENT_TIMESTAMP,
  PRIMARY KEY (`id`),
  UNIQUE KEY `id` (`id`,`email`)
) ENGINE=InnoDB AUTO_INCREMENT=169 DEFAULT CHARSET=latin1;
/*!40101 SET character_set_client = @saved_cs_client */;

--
-- Dumping data for table `divelog`
--

LOCK TABLES `divelog` WRITE;
/*!40000 ALTER TABLE `divelog` DISABLE KEYS */;
INSERT INTO `divelog` VALUES (22,'biodiver101@gmail.com',1,'2000-09-23','','',0,0,0,'','',0,0,'','','N','N','N','N','N','N','N','N','N','N','N','N','','','','','','','',0,'N','','N','','','Y','2011-07-01 23:53:07'),(23,'biodiver101@gmail.com',297,'2011-06-19','3:51','',0,0,0,'','86',0,0,'','','Y','N','N','N','N','N','N','N','N','N','N','N','Duck Key, FL','','51','','','22','',45,'Y','','N','','','N','2011-07-01 23:58:20'),(24,'biodiver101@gmail.com',296,'2011-06-19','2:35','',0,0,0,'','86',0,0,'','','Y','N','N','Y','N','N','N','N','Y','N','N','N','Duck Key, FL','','','','','19','',48,'Y','','N','','','N','2011-07-02 00:00:36'),(25,'biodiver101@gmail.com',245,'2011-03-28','11:34','',0,0,0,'','74',0,0,'30','12','Y','N','N','Y','N','Y','N','N','N','N','N','N','Fort Lauderdale, FL','The Caves','57','','','28','',46,'Y','','N','','Captain Mark\r\n\r\nOW students Dive 4 Kyle and Greg','N','2011-07-02 00:03:31'),(26,'biodiver101@gmail.com',246,'2011-03-30','10:12','',0,0,0,'','76',0,0,'40','12','Y','N','N','Y','N','Y','N','N','N','N','N','N','Fort Lauderdale, FL','Hog Heaven','','','','40','',28,'Y','','N','','XP II Captain Bill\r\n\r\nOW student Dive 1   Devin\r\nvery strong current','N','2011-07-02 00:09:47'),(27,'biodiver101@gmail.com',247,'2011-03-30','11:17','',0,0,0,'','77',0,0,'20','14','Y','N','N','Y','N','Y','N','N','N','N','N','N','Fort Lauderdale, FL','Willy&#039;s Way','36','','','29','',43,'Y','','N','','XP II  Captain Bill\r\n\r\nOW student Dive 2   Devin  (certified scuba diver)','N','2011-07-02 00:09:15'),(28,'biodiver101@gmail.com',248,'2011-04-02','2:30','',0,0,0,'','78',0,0,'40','12','Y','N','N','Y','N','Y','N','N','N','N','N','N','Duck Key, FL','Long Key Ledge','','','','22','',44,'Y','','N','','Seafari  Captain Joe Hall   Mate Carl\r\n\r\nFirst Dive with Dive Duck Key \r\nDove with Mark B.   \r\ntook pictures \r\nsaw nurse shark, 4 sting ray, lobster, crab\r\n\r\nElena and Jon on the trip','N','2011-07-02 00:18:04'),(29,'biodiver101@gmail.com',249,'2011-04-03','3:14','',0,0,0,'','79',0,0,'40','12','Y','N','N','Y','N','Y','N','N','N','N','N','N','Fort Lauderdale, FL','Twin Ledges','','','','18','',28,'Y','','N','','Sea Experience II  Captain Mark\r\n\r\nDiscover Scuba Dive with Elena and Jon\r\n\r\ntook pictures  :D','N','2011-07-02 00:17:05'),(30,'biodiver101@gmail.com',250,'2011-04-07','10:04','',0,0,0,'','77',0,0,'','','Y','N','N','Y','N','Y','N','N','N','N','N','N','Fort Lauderdale, FL','Pride to Jay Scutti wreck','','','','72','3',32,'Y','','N','',' XP II  Captain Bill\r\n\r\nDove with Rescue Student  Juan P.\r\n\r\nSetting line between Pride and Jay Scutti with Mateo and got blown off course.  Free ascent from Scutti','N','2011-07-02 00:24:42'),(31,'biodiver101@gmail.com',251,'2011-04-07','11:40','',0,0,0,'','77',0,0,'30','12','Y','N','N','Y','N','Y','N','N','N','N','N','N','Fort Lauderdale, FL','Oakland Ridges','1:03','','','27','',29,'Y','','N','','XP II  Captain Bill\r\n\r\nRescue Student Juan \r\nOpen water scenario 1  with DM Rayon as victim\r\n\r\npractised distressed diver underwater drills','N','2011-07-02 00:27:59'),(32,'biodiver101@gmail.com',252,'2011-04-08','9:59','',0,0,0,'','73',0,0,'60','12','Y','N','N','Y','N','Y','N','Y','Y','N','N','N','Fort Lauderdale, FL','Mercedes Wreck','','','','92','3',28,'Y','','N','','XP II Captain Bill \r\n\r\nDove with Rescue Students Juan and Carlos\r\nand with Mark B.\r\n\r\nSaw 4 lionfish, Goliath Grouper\r\nlight current \r\n','N','2011-07-02 00:31:26'),(33,'biodiver101@gmail.com',253,'2011-04-08','11:04','',0,0,0,'','77',0,0,'20','12','Y','N','N','Y','N','Y','N','Y','N','N','N','N','Fort Lauderdale, FL','Fisher&#039;s Pedestal','36','','','35','',43,'Y','','N','','XP II Captain Bill\r\n\r\nRescue Students Juan and Carlos \r\n missing diver and unresponsive diver at depth\r\n\r\nMark B rescue victim','N','2011-07-02 00:37:14'),(34,'biodiver101@gmail.com',254,'2011-04-09','3:20','',0,0,0,'','79',0,0,'50','12','Y','N','N','Y','N','Y','N','N','N','N','N','N','Fort Lauderdale, FL','Twin Ledges','','','','21','',39,'Y','oceanic','N','','XP I  Captain Andrew\r\n\r\nDove with Discover Scuba Dive  Stephen   plus his certified friend','N','2011-07-02 00:40:25'),(35,'biodiver101@gmail.com',255,'2011-04-12','10:35','',0,0,0,'','80',0,0,'50','12','Y','N','N','Y','N','Y','N','N','N','N','N','N','Fort Lauderdale, FL','Copenhagen Wreck','','','','30','',42,'Y','oceanic','N','','XP II Captain Mark\r\n\r\nGuided dive for Michelle\r\n\r\nBeautiful conditions Very nice reef North of the Wreck','N','2011-07-02 01:36:59'),(36,'biodiver101@gmail.com',256,'2011-04-12','12:15','',0,0,0,'','80',0,0,'30','12','Y','N','N','Y','N','Y','N','N','N','N','N','N','Fort Lauderdale, FL','Sunrise Ledge','53','','','29','',43,'Y','oceanic','N','','XP II Captain Mark\r\n\r\nGuided dive for Michelle','N','2011-07-02 01:39:59'),(37,'biodiver101@gmail.com',257,'2011-04-15','10:22','',0,0,0,'','79',0,0,'80','12','Y','N','N','Y','N','Y','N','Y','Y','N','N','N','Fort Lauderdale, FL','Captain Dan Wreck ','','','','111','3',30,'Y','oceanic','N','','XP II Captain Mark\r\n\r\nDove with Rescue Student Carlos and Cynthia\r\n\r\nSaw HAMMERHEAD SHARK !!! on descent \r\nAwesome wreck, great swim throughs, great conditions :D   \r\n\r\nSouthern Stingray, 2 big goliath grouper','N','2011-07-02 01:45:56'),(38,'biodiver101@gmail.com',258,'2011-04-15','11:52','',0,0,0,'','80',0,0,'30','12','Y','N','N','Y','N','Y','N','N','Y','N','N','N','Fort Lauderdale, FL','Copenhagen Wreck','58','','','29','',35,'Y','oceanic','N','','XP II  Captain Mark\r\n\r\nRescue Student Carlos\r\nScenario 2\r\nDistress drills underwater\r\nGrant surface rescue victim','N','2011-07-02 01:51:19'),(39,'biodiver101@gmail.com',259,'2011-04-19','10:28','',0,0,0,'','79',0,0,'80','12','Y','N','N','Y','N','Y','N','N','Y','N','N','N','Fort Lauderdale, FL','Tracy and Jay Scutti','','','','40','',25,'Y','oceanic','N','','XP II Captain Mark\r\n\r\nOW student Dive 3  Will Hacker (Spirit of Lauderdale)','N','2011-07-02 01:54:33'),(40,'biodiver101@gmail.com',260,'2011-04-19','11:58','',0,0,0,'','80',0,0,'40','12','Y','N','N','Y','N','N','N','N','N','N','N','N','Fort Lauderdale, FL','The Caves','1:03','','','30','',44,'Y','oceanic','N','','XP II  Captain Mark\r\n\r\nJOW student Dive 4  Will Hacker  10 yrs old (SOL)','N','2011-07-02 02:00:18'),(41,'biodiver101@gmail.com',261,'2011-04-20','10:28','',0,0,0,'','79',0,0,'50','12','Y','N','N','Y','N','Y','N','N','N','N','N','N','Fort Lauderdale, FL','Hammerhead Reef','','','','40','',23,'Y','oceanic','N','','XP II Captain Bill\r\n\r\nOW students Dive 1  Oasis of the Sea Performers Royal Carribean Cast\r\n\r\nArtem - world high dive champion\r\nJackie - syncronized swimmer\r\nChris - high diver\r\nCassidy - high diver\r\nMelanie - high diver\r\nAlexis - syncronized swimmer\r\n\r\nJoe D. DM for the dive','N','2011-07-02 02:09:28'),(42,'biodiver101@gmail.com',262,'2011-04-20','11:55','',0,0,0,'','80',0,0,'30','12','Y','N','N','N','N','Y','N','N','N','N','N','N','Fort Lauderdale, FL','Barracuda Reef','1:03','','','33','',38,'Y','oceanic','N','','XP II Captain Bill\r\n\r\nOW students Dive 2  \r\n 6 Royal Carribean Water Performers\r\n\r\nArtem \r\nChris\r\nCassidy\r\nMelanie\r\nAlexis\r\nJackie','N','2011-07-02 02:14:25'),(43,'biodiver101@gmail.com',263,'2011-04-21','','',0,0,0,'','',0,0,'60','12','Y','N','N','Y','N','Y','N','N','N','N','N','N','Fort Lauderdale, FL','Jay Scutti Wreck','','','','60','',28,'Y','oceanic','N','','XP II Capt Bill \r\n\r\nOW students dive 3 Royal Carribean Oasis of the Seas Performers\r\n\r\nArtem, Melanie, Chris, Jackie, Cassidy, Alexis\r\n\r\nGoliath grouper hanging out under prop','N','2011-07-05 23:16:20'),(44,'biodiver101@gmail.com',400,'2011-07-03','3:33','',0,0,0,'','86',0,0,'50','8','Y','N','N','Y','N','Y','N','N','N','N','N','N','Duck Key, FL','Cannon','29','','','20','',46,'Y','oceanic','N','','Capt Jorge\r\n\r\nDove with 5 DSD and Linda','N','2011-07-04 01:10:20'),(45,'biodiver101@gmail.com',399,'2011-07-03','2:24','',0,0,0,'','86',0,0,'50','','Y','N','N','Y','N','Y','N','N','N','N','N','N','Duck Key, FL','Long Key Ledge','','','','30','',34,'Y','oceanic','N','','Seafari  capt jorge\r\n\r\nDove with 5 DSD and Linda M. guiding','N','2011-07-04 01:12:51'),(46,'biodiver101@gmail.com',398,'2011-07-03','10:56','',0,0,0,'','86',0,0,'40','10','Y','N','N','Y','N','Y','N','N','N','N','N','N','Duck Key, FL','Cannon West','37','','','25','',35,'Y','oceanic','N','','Seafari Capt Jorge\r\n\r\nOW students  Dive 2   Jessica, Christopher, and Wayne.\r\n\r\ncesa, buddybreathe, octo, etc.','N','2011-07-04 01:15:50'),(47,'biodiver101@gmail.com',397,'2011-07-03','9:34','',0,0,0,'','86',0,0,'40','10','Y','N','N','Y','N','Y','N','N','N','N','N','N','Duck Key, FL','Cannon East','','','','24','',26,'Y','oceanic','N','','Seafari  Capt Jorge\r\n\r\nOW students Dive 1   Jessica, Bill, Christopher, Wayne','Y','2011-07-04 01:22:39'),(48,'biodiver101@gmail.com',397,'2011-07-03','9:34','',0,0,0,'','86',0,0,'40','10','Y','N','N','Y','N','Y','N','N','N','N','N','N','Duck Key, FL','Cannon East','','','','24','',26,'Y','oceanic','N','','Seafari  Capt Jorge\r\n\r\nOW students Dive 1   Jessica, Bill, Christopher, Wayne','N','2011-07-04 01:20:43'),(49,'biodiver101@gmail.com',396,'2011-07-02','2:00','',0,0,0,'','86',0,0,'60','10','Y','N','N','Y','N','Y','N','N','N','N','N','N','Duck Key, FL','Long Key Ledge','','','','24','',38,'Y','oceanic','N','','Seafari Capt Jorge\r\n\r\nDove with DSD  Carson  only did one dive\r\n\r\nsaw crabs, 2 porcupine fish swimming together, ','N','2011-07-06 01:13:51'),(50,'biodiver101@gmail.com',395,'2011-06-30','3:12','',0,0,0,'','87',0,0,'','','Y','N','N','Y','N','Y','N','N','N','N','N','N','Duck Key, FL','','23','','','17','',38,'Y','oceanic','N','','','N','2011-07-04 01:48:07'),(51,'biodiver101@gmail.com',394,'2011-06-30','2:07','',0,0,0,'','87',0,0,'','','Y','N','N','Y','N','Y','N','N','N','N','N','N','Duck Key, FL','','2:48','','','14','',35,'Y','oceanic','N','','','N','2011-07-04 01:50:02'),(52,'biodiver101@gmail.com',393,'2011-06-30','10:35','',0,0,0,'','86',0,0,'','','Y','N','N','Y','N','Y','N','N','N','N','N','N','Duck Key, FL','','29','','','19','',39,'Y','oceanic','N','','','N','2011-07-04 01:51:57'),(53,'biodiver101@gmail.com',392,'2011-06-30','9:3116','',0,0,0,'','87',0,0,'','10','Y','N','N','Y','N','Y','N','N','N','N','N','N','Duck Key, FL','','','','','16','',32,'Y','oceanic','N','','','N','2011-07-04 01:54:21'),(54,'jasonreichle@gmail.com',1,'2003-10-03','','',0,0,0,'','',0,0,'','','N','Y','N','N','N','Y','N','Y','Y','Y','N','N','Michigan','','','A','','30','',25,'N','','N','','First Diver for Certification','N','2011-07-04 02:46:08'),(55,'biodiver101@gmail.com',401,'2011-07-04','9:53','',0,0,0,'','86',0,0,'20','8','Y','N','N','Y','N','Y','N','N','N','N','N','N','Duck Key, FL','Doughnut','','','','23','',44,'Y','Oceanic','N','','Seafari  Capt Jorge\r\n\r\nOW students Dive 3  Jessica, Christopher, Wayne','N','2011-07-05 22:53:45'),(56,'biodiver101@gmail.com',402,'2011-07-04','11:22','',0,0,0,'','86',0,0,'20','8','Y','N','N','Y','N','Y','N','N','N','N','N','N','Duck Key, FL','Elbow','41','','','22','',23,'Y','Oceanic','N','','Seafari   Capt  Jorge\r\n\r\nOW students Dive 4  Jessica, Christopher, Wayne','N','2011-07-05 22:56:13'),(57,'biodiver101@gmail.com',264,'2011-04-21','','',0,0,0,'','77',0,0,'40','12','Y','N','N','Y','N','Y','N','N','N','N','N','N','Fort Lauderdale, FL','Willy&#039;s Way','','','','31','',45,'Y','Oceanic','N','','XP II  Capt Bill\r\n\r\nOW students  Dive 4  Royal Caribbean Aqua Team\r\n\r\nMelanie, Artem, Cassidy, Jackie, Chris, Alexis\r\n\r\nTook lots of pictures, made underwater pyramid','N','2011-07-05 23:31:21'),(58,'biodiver101@gmail.com',265,'2011-04-25','','',0,0,0,'','80',0,0,'60','12','Y','N','N','Y','N','Y','N','N','N','N','N','N','Fort Lauderdale, FL','Robert Edmister -&gt; Wendy Rossheim','','','','72','',32,'Y','Oceanic','N','','XP II Capt Mark\r\n\r\nGuided dive for John, Alex, Jill and Anette','N','2011-07-05 23:32:07'),(59,'biodiver101@gmail.com',266,'2011-04-25','','',0,0,0,'','80',0,0,'30','12','Y','N','N','Y','N','Y','N','N','N','N','N','N','Fort Lauderdale, FL','Caves','41','','','29','',54,'Y','Oceanic','N','','XPII  Captain Mark\r\n\r\nGuided Dive for John Adler, Alex, Jill and Anette','N','2011-07-05 23:35:58'),(60,'biodiver101@gmail.com',267,'2011-04-26','9:46','',0,0,0,'','77',0,0,'80','12','Y','N','N','Y','N','Y','N','N','N','N','N','N','Fort Lauderdale, FL','Hammerhead Reef','','','','61','3',47,'Y','Oceanic','N','','XPII Captain Mark \r\n\r\nDove with Judy\r\nTook pictures\r\nVery clear blue and beautiful \r\nsaw eel and lionfish','N','2011-07-05 23:39:46'),(61,'biodiver101@gmail.com',268,'2011-04-26','','',0,0,0,'','77',0,0,'40','12','Y','N','N','Y','N','Y','N','N','N','N','N','N','Fort Lauderdale, FL','Hog Heaven','1:01','','','69','3',25,'Y','Oceanic','N','','XPII Capt Mark \r\n\r\nHog Heaven \r\nDove with Judy  strong current \r\n\r\ncopper sweepers and goliath grouper\r\n\r\nLast dive before moving to Marathon','N','2011-07-05 23:55:41'),(62,'biodiver101@gmail.com',269,'2011-05-07','2:13','',0,0,0,'','82',0,0,'50','12','Y','N','N','Y','N','Y','N','N','N','N','N','N','Duck Key, FL','Elbow','','','','21','',43,'Y','Oceanic','N','','Seafari Capt Bob\r\n\r\nDove with Refresher student Jeff','N','2011-07-06 00:17:13'),(63,'biodiver101@gmail.com',270,'2011-05-07','3:23','',0,0,0,'','81',0,0,'50','12','Y','N','N','Y','N','Y','N','N','N','N','N','N','Duck Key, FL','Doughnut','24','','','22','',47,'Y','Oceanic','N','','Seafari  Capt  Bob\r\n\r\nDove with Refresher student Jeff\r\n\r\nSaw hawksbill turtle and big porcupine fish','N','2011-07-06 00:23:38'),(64,'biodiver101@gmail.com',271,'2011-05-09','9:15','',0,0,0,'','84',0,0,'30','12','Y','N','N','Y','N','Y','N','N','Y','N','N','N','Duck Key, FL','Joe&#039;s Reef','','','','24','',42,'Y','Oceanic','N','','Seafari  Capt Bob\r\n\r\nDove with Mark B.. took lots of pictures\r\n\r\nJuvenal Spanish hog cleaning station\r\npictures of rare white spotted filefish !!! ','N','2011-07-06 00:27:44'),(65,'biodiver101@gmail.com',272,'2011-05-09','10:34','',0,0,0,'','81',0,0,'30','12','Y','N','N','Y','N','Y','N','N','Y','N','N','N','Duck Key, FL','Hog Heaven Reef','','','','26','',45,'Y','Oceanic','N','','Seafari  Captain Bob\r\n\r\nDove with Mark B. :)\r\n\r\nturtle, stingray, lobsters\r\n\r\nlots of algae in area','N','2011-07-06 00:31:34'),(66,'biodiver101@gmail.com',273,'2011-05-10','9:14','',0,0,0,'','76',0,0,'100','10','Y','N','N','Y','N','Y','N','N','Y','N','N','N','Duck Key, FL','Thunderbolt','','','','110','3',25,'Y','Oceanic','N','','Seafari Capt Bob\r\n\r\nDove with Mark and Britany (Bert&#039;s girlfriend)\r\n\r\nFirst time on this wreck \r\n\r\nMany Goliath Grouper, huge school of fish, found weight pouch,   \r\n\r\nI jumped the barrel line','N','2011-07-06 00:52:04'),(67,'biodiver101@gmail.com',274,'2011-05-10','10:18','',0,0,0,'','81',0,0,'50','12','Y','N','N','Y','N','Y','N','N','N','N','N','N','Duck Key, FL','Kissing Grunts','30','','','30','',50,'Y','Oceanic','N','','Seafari Capt Bob\r\n\r\nDove with Mark B. and Brittany\r\n\r\nDolphins riding bow to site\r\nclear blue water\r\n3 nurse sharks\r\nGoliath Grouper with spear in body trapped','N','2011-07-06 00:51:21'),(70,'captainmarkos@gmail.com',621,'2011-07-15','1007','1049',0,0,0,'88','84',3000,1400,'60','10','Y','N','N','Y','N','N','N','N','Y','N','N','N','Fort Lauderdale, FL','Copenhagen','0','','','36','0',42,'Y','Suunto D4','N','','Dove the Copenhagen with Sea Experience.  Captain Bill and Divemaster Rob were working.  Scuba Outfitters had a kids class.  Nice dive.  Saw hairy algae(?) on sea fans and soft corals.  Anemones with small shrimps.  Christina found a Regal Sea Goddess Nudibranch.\r\n\r\n','N','2011-07-15 22:59:01'),(71,'captainmarkos@gmail.com',622,'2011-07-15','1131','1220',0,0,0,'88','84',3000,1400,'60','10','Y','N','N','Y','N','N','N','N','N','N','N','N','Fort Lauderdale, FL','Fisher&#039;s Pedistal','41','','','28','0',45,'Y','Suunto D4','N','','Slight south current, drift dive with Sea Experience, captain Bill and divemaster Rob.  Saw Brital starfish and lots of other cool critters.  Christina is the best dive buddy!  :)','N','2011-07-15 23:01:59'),(72,'biodiver101@gmail.com',410,'2011-08-12','9:22','',0,0,0,'','85',0,0,'40','5','Y','N','Y','N','N','Y','N','N','N','N','N','N','Fort Lauderdale, FL','Vista Park','','','','27','',70,'Y','Oceanic','N','','Beach Dive with Mark and Tim Grant.  Saw 4 lobster   nurse shark.  baby yellow stingray.  ','N','2011-08-14 15:56:12'),(73,'biodiver101@gmail.com',409,'2011-08-11','10:58','',0,0,0,'','85',0,0,'','6','Y','N','N','Y','N','Y','N','N','N','N','N','N','Fort Lauderdale, FL','Sunrise Ledge','31','','','30','',60,'Y','Oceanic','N','','XP II Capt BIll\r\n\r\nDove with Mark caught 6 lobster 2short\r\nsaw green turtle, kissing cowfish,  awesome dive','N','2011-08-14 15:58:51'),(74,'biodiver101@gmail.com',408,'2011-08-11','9:58','',0,0,0,'','79',0,0,'','6 /3','Y','N','N','Y','N','Y','N','N','Y','N','N','N','Fort Lauderdale, FL','Merci Jesus Wreck','','','','65','3',28,'Y','o','N','','XP II capt bill\r\n\r\n\r\nDove with Mark.  Thermacline after 50ft cold.. Shared 3lbs with Mark.  Nice Dive some moon jellies','N','2011-08-14 16:01:36'),(76,'captainmarkos@gmail.com',2,'1999-11-11','','',24,20,44,'75','72',1400,600,'40','8','N','Y','Y','N','N','Y','N','N','N','Y','N','N','Balmorhea, TX','Balmorhea State Park','30','F','N','50','',20,'N','','N','','Open Water dive #2 in fresh water.  I used a 3mm full suit and remember being a little cold still.  This was an altitude dive and the formula given to me had lots of rounding (up).\r\n\r\nElevation 3150ft\r\n\r\nSo the adjusted depth came out to 50ft.\r\n\r\nI think the actual depth was ~25ft.\r\n\r\nThis was a small lake fed by an underwater spring.  There were fish and turtles.\r\n\r\nInstructor:  Julie Brensen #47445','N','2012-08-05 21:55:15'),(77,'captainmarkos@gmail.com',3,'1999-11-12','1130','1215',0,45,45,'75','72',2900,900,'40','8','N','Y','Y','N','N','Y','N','N','N','Y','N','N','Balmorhea, TX','Balmorhea State Park','','','O','50','',45,'N','','N','','Open Water dive #3 in fresh water.  I used a 3mm full suit and remember being a little cold still.  This was an altitude dive and the formula given to me had lots of rounding (up).\n\nElevation 3150ft\n\nSo the adjusted depth came out to 50ft.\n\nI think the actual depth was ~25ft.\n\nThis was a small lake fed by an underwater spring.  There were fish and turtles.\n\nInstructor:  Julie Brensen #47445\n','N','2012-08-17 06:08:51'),(78,'captainmarkos@gmail.com',4,'1999-11-12','1535','1640',7,55,62,'75','72',3000,1100,'40','8','N','Y','Y','N','N','Y','N','N','N','Y','N','N','Balmorhea, TX','Balmorhea State Park','3:45','A','T','50','',55,'N','','N','','Open Water dive #4 in fresh water.  I used a 3mm full suit and remember being a little cold still.  This was an altitude dive and the formula given to me had lots of rounding (up).\r\n\r\nElevation 3150ft\r\n\r\nSo the adjusted depth came out to 50ft.\r\n\r\nI think the actual depth was ~25ft.\r\n\r\nThis was a small lake fed by an underwater spring.  There were fish and turtles.\r\n\r\nInstructor:  Julie Brensen #47445\r\n','N','2011-08-15 16:37:54'),(79,'captainmarkos@gmail.com',5,'1999-11-12','1830','1850',17,20,37,'75','72',1150,500,'','8','N','Y','Y','N','N','Y','N','N','N','Y','N','N','Balmorhea, TX','Balmorhea State Park','1:50','c','l','50','',20,'N','','N','','Night dive in fresh water.  I used a 3mm full suit and remember being a little cold still.  This was an altitude dive and the formula given to me had lots of rounding (up).\r\n\r\nElevation 3150ft\r\n\r\nSo the adjusted depth came out to 50ft.\r\n\r\nI think the actual depth was ~25ft.\r\n\r\nThis was a small lake fed by an underwater spring.  There were fish and turtles.\r\n\r\nInstructor:  Julie Brensen #47445\r\n','N','2011-08-15 16:32:11'),(80,'captainmarkos@gmail.com',6,'1999-11-13','1115','1155',0,40,40,'75','72',2750,1500,'40','8','N','Y','Y','N','N','Y','N','N','N','Y','N','N','Balmorhea, TX','Balmorhea State Park','','','m','50','',40,'N','','N','','Fresh water and altitude dive.  I used a 3mm full suit and remember being a little cold still.  This was an altitude dive and the formula given to me had lots of rounding (up).\r\n\r\nElevation 3150ft\r\n\r\nSo the adjusted depth came out to 50ft.\r\n\r\nI think the actual depth was ~25ft.\r\n\r\nThis was a small lake fed by an underwater spring.  There were fish and turtles.\r\n\r\nInstructor:  Julie Brensen #47445\r\n','N','2011-08-15 16:35:29'),(81,'captainmarkos@gmail.com',7,'2000-03-26','1130','1200',0,30,30,'85','79',3000,1500,'20','8','Y','N','Y','N','N','N','N','N','N','N','N','N','Fort Lauderdale, FL','Beach Dive','','','','15','',30,'N','','N','','Beach dive with Mateo Torres.  ~200 yard swim.  Warm water. 8lbs. was too light.  Coral, fish, crabs.','N','2011-08-16 13:27:02'),(82,'captainmarkos@gmail.com',8,'2000-04-01','0835','910',0,30,30,'82','',3100,500,'60','12','Y','N','N','Y','N','Y','N','N','N','N','N','N','Pompano Beach, FL','Lighthouse Point Reefs','','','L','58','',30,'N','','N','','First boat dive, awesome!  Lots of fish.  Very cool dive site. Heavy waves.  Wore a shortie.\r\n\r\nJason Jones #94052','N','2011-08-16 16:43:26'),(83,'captainmarkos@gmail.com',9,'2000-04-01','0935','1015',0,0,0,'82','',3100,500,'60','12','Y','N','N','Y','N','Y','N','N','N','N','N','N','Pompano Beach, FL','Lighthouse Point Reefs','','','','58','3',37,'N','','N','','Boat dive, Pompano Beach, FL.  Little chilly with shortie but okay.  Second dive of the day.  Heavy waves.  Dude puked (haha)!\r\n\r\nJason Jones #94052','N','2011-08-16 16:43:42'),(84,'captainmarkos@gmail.com',10,'2000-04-22','1200','1320',0,50,50,'84','',3200,200,'60','12','Y','N','Y','N','N','N','N','N','N','N','N','N','Dania Beach, FL','SeaTech Ledge','','','','25','',50,'N','','N','','Beach dive.  Mateo and I swam too far out.  Long swim back to shore without air.  Best beach dive so far!  Go Back!\n\nMateo Torres','N','2012-08-17 06:08:09'),(85,'captainmarkos@gmail.com',11,'2000-04-29','1400','1445',0,0,0,'82','',3200,1100,'40','14','Y','N','Y','N','N','N','N','N','N','N','N','N','Hollywood, FL','North Beach Park','','','','25','',42,'N','','N','','Beach dive with Rodney.  Nice beach, clear water.  5ft ledge, very nice, easy dive.  Good snorkel spot.  ','N','2011-08-26 12:24:28'),(86,'captainmarkos@gmail.com',12,'2000-05-06','','',0,0,0,'85','79',3200,300,'50','12','Y','N','N','Y','N','N','N','N','Y','N','N','N','Key Largo, FL','Reef','','','','30','',50,'N','','N','','Boat dive in Key Largo, FL with Jim McLeod (AOW instructor).  Nice dive, lots of critters.  Wore gloves (good idea).','N','2011-08-26 12:27:45'),(87,'captainmarkos@gmail.com',13,'2000-05-06','','',0,0,0,'82','79',3200,900,'50','12','N','N','N','N','N','N','N','N','Y','N','N','N','Key Largo, FL','Reef','','','','35','',55,'N','','N','','Boat dive in Key Largo with Jim McLeod (AOW instructor).  Some small caves.  Saw nurse shark and parrotfish.','N','2011-08-26 12:30:02'),(88,'captainmarkos@gmail.com',14,'2000-05-19','0930','1025',0,50,50,'80','80',3100,700,'40','16','Y','N','N','Y','N','N','N','N','N','N','N','N','Key Largo, FL','Wreck','','','','25','',50,'N','','N','','Dive operator: Silent World.\r\n\r\nVery nice dive site, very warm water.  Wetsuit not needed','N','2011-08-26 12:36:56'),(89,'captainmarkos@gmail.com',15,'2000-05-19','1100','1200',0,0,0,'80','80',3100,300,'40','14','N','N','N','N','N','N','N','N','N','N','N','N','Key Largo, FL','Reef','','','','40','',58,'N','','N','','Dive operator: Silent World.  Pretty boring compared to previous dive, nice though, no wetsuit, not cold.','N','2011-08-26 12:36:37'),(90,'captainmarkos@gmail.com',16,'2000-05-21','1030','1130',0,50,50,'84','',3100,700,'10','14','Y','N','Y','N','N','N','N','N','N','N','N','N','Hollywood, FL','Beach Dive','','','','28','',50,'N','','N','','Beach Dive - didn&#039;t find the ledge - went north.  Diving with Tom Brettin.','N','2011-08-26 13:29:04'),(91,'captainmarkos@gmail.com',17,'2000-05-28','0945','1015',0,25,25,'80','79',3100,600,'40','14','Y','N','N','Y','N','N','N','N','N','N','N','N','Fort Lauderdale, FL','Tenneco Towers','','','','120','3',25,'N','','N','','Dive operation: Brownies\r\n\r\nDeep dive for AOW certification.  Jim McLeod was my instructor however I did the dive with one of his divemasters #86005.\r\n\r\nOil Rig platforms.  Not cold without wetsuit.  Too heavy.  Computer record.','N','2011-08-26 13:33:20'),(92,'captainmarkos@gmail.com',18,'2000-05-28','1100','1150',0,0,0,'','',3000,300,'40','12','Y','N','N','Y','N','N','N','N','N','N','N','N','Fort Lauderdale, FL','Mine Car','','','','60','',38,'N','','N','','Drift dive.  Underwater Naturalist dive for AOW certification.  Arrow crab (cool).  \r\n\r\nJim McLeod was my AOW instructor however I was diving with one of his divemasters #86005.\r\n','N','2011-08-26 13:35:58'),(93,'captainmarkos@gmail.com',19,'2000-05-29','0913','1000',0,0,0,'84','82',3000,1000,'50','12','N','N','N','N','N','N','N','N','N','N','N','N','Key Largo, FL','Benwood','','','','39','',45,'N','','N','','Memorial Day dive.  Shared air with Jim (instructor) for experience.  Wreck dive - 1942 ship had hit reef and sank.\r\n\r\nJim McLeod #160635\r\nPhone: 954-452-3786\r\nEmail: sea-wolf@jacklondon.com','N','2011-08-26 13:43:13'),(94,'captainmarkos@gmail.com',20,'2000-05-29','1046','1145',0,0,0,'84','80',3400,1000,'50','12','Y','N','N','Y','N','N','N','N','N','N','N','N','Key Largo, FL','Grecian Rocks','47','','','26','',55,'N','','N','','Memorial Day dive at Captain Slate&#039;s\r\n\r\n26ft deepest / 3ft in some places.  Boat name was Starfish Enterprise.\r\n\r\nRodney was my dive buddy.','N','2011-08-26 13:48:33'),(95,'captainmarkos@gmail.com',21,'2000-06-16','','',0,0,0,'','',3100,700,'','12','Y','N','N','Y','N','N','N','N','N','N','N','N','Fort Lauderdale, FL','Wreck','','','','110','3',25,'N','','N','','Night dive on full moon!  Brownies dive operation.\r\n\r\n(No site name recorded)\r\n\r\nJim McLeod #160635','N','2011-08-26 13:50:55'),(96,'captainmarkos@gmail.com',22,'2000-06-16','','',0,0,0,'','',3000,700,'','10','N','N','N','N','N','N','N','N','N','N','N','N','Fort Lauderdale, FL','Reef','','','','80','3',35,'N','','N','','Night dive with Jim McLeod PADI# 160635.\r\n\r\nDive operator Brownies.\r\n\r\n(No dive site name recorded)','N','2011-08-26 13:52:52'),(97,'biodiver101@gmail.com',126,'2010-09-11','11:19','',0,0,0,'','86',0,0,'40','8','Y','N','N','Y','N','N','N','N','N','N','N','N','Fort Lauderdale, FL','Fisher&#039;s Pedistal','48','','','40','',44,'Y','Oceanic','N','','Sea XPII Capt Bill   DM: Wiz\r\n\r\nOW students  Jerry and Cheryl (Canadians)   and Jake','N','2011-08-31 18:44:32'),(98,'biodiver101@gmail.com',127,'2010-09-12','10:01','',0,0,0,'','85',3000,2000,'60','8','Y','N','N','Y','N','N','N','N','N','N','N','N','Fort Lauderdale, FL','Robert Edmister','','','','60','3',29,'Y','Oceanic','N','','Sea XPII  Capt: Mark  DM: Tyler\r\n\r\nOw Dive 3 students  Jerry and Cheryl \r\nFull boat','N','2011-08-31 18:49:37'),(99,'biodiver101@gmail.com',128,'2010-09-12','11:09','',0,0,0,'','86',2000,900,'30','6','Y','N','N','Y','N','N','N','N','N','N','N','N','Fort Lauderdale, FL','Willy&#039;s Way','38','','','33','',39,'Y','Oceanic','N','','Sea  XPII  Capt:Mark  DM: Tyler\r\n\r\nOW students dive 4  Jerry and Cheryl','N','2011-08-31 19:01:56'),(100,'biodiver101@gmail.com',129,'2010-09-12','','',0,0,0,'','83',0,0,'50','6','Y','N','N','Y','N','N','N','N','N','N','N','N','Fort Lauderdale, FL','Mercedes Wreck','','','','95','3',39,'Y','Oceanic','N','','SeaXPII Capt:Mark  DM: Tyler\r\n\r\nBeautiful Dive and 3rd Reef line\r\nSaw 2 eel, Goliath Grouper, lionfish\r\n\r\nVery cool stern torn up, swam through pilot house\r\n\r\nuntied line from wreck','N','2011-08-31 19:16:04'),(101,'biodiver101@gmail.com',130,'2010-09-13','10:16','',0,0,0,'','85',0,0,'60','6','Y','N','N','Y','N','N','N','N','N','N','N','N','Fort Lauderdale, FL','Miss Dania Wreck','','','','60','3',29,'Y','Oceanic','N','','XPII Capt Mark  DM: dave\r\n\r\nOW student dive 3  Jake\r\n\r\nFirst Time on Miss Dania','N','2011-08-31 19:53:47'),(102,'biodiver101@gmail.com',131,'2010-09-13','11:27','',0,0,0,'','86',0,0,'40','6','Y','N','N','Y','N','N','N','N','N','N','N','N','Fort Lauderdale, FL','Barracuda Reef','41','','','33','',48,'Y','Oceanic','N','','SeaXPII  Capt: Mark  DM: Dave\r\n\r\nOW student dive 4 Jake\r\n \r\nsaw turtle and lobsters.  Very nice spot','N','2011-08-31 20:02:42'),(103,'biodiver101@gmail.com',132,'2010-09-14','10:05','',0,0,0,'','84',0,0,'60','8','Y','N','N','Y','N','N','N','N','N','N','N','N','Fort Lauderdale, FL','Peter McAlister Wreck','','','','40','3',24,'Y','Oceanic','N','','Sea XPII  Capt: Bill  DM: Tao\r\n\r\nOW referral student  Ed (new york)\r\n\r\nrough seas little current.  nice view\r\nGoliath Grouper\r\n\r\nken mckenzie and family on board,  russel from texas on board','N','2011-08-31 20:14:26'),(104,'biodiver101@gmail.com',133,'2010-09-14','11:18','',0,0,0,'','86',0,0,'40','8','N','N','N','N','N','N','N','N','N','N','N','N','Fort Lauderdale, FL','Fisher&#039;s Pedistal','49','','','31','',33,'Y','Oceanic','N','','Sea XPII  Capt: Bill DM: Mateo\r\n\r\nOW student dive 2  Ed (got seasick)\r\n\r\nNice dive, no current some surge\r\nweather picking up with rain rough seas 4&#039;seas','N','2011-08-31 20:21:31'),(105,'biodiver101@gmail.com',134,'2010-09-15','11:40','',0,0,0,'','84',0,0,'10','6','N','Y','Y','N','N','Y','N','N','N','N','N','N','Dania, FL','Tigertail Lake','','','','26','',33,'Y','Oceanic','N','','OW student Dive 3  Ed\r\n\r\nskills and lake tour  statues, boat, trampoline /platform','N','2011-08-31 20:27:47'),(106,'biodiver101@gmail.com',135,'2010-09-15','','',0,0,0,'','84',0,0,'10  ','6','N','Y','Y','N','N','Y','N','N','N','N','N','N','Dania, FL','Tigertail Lake','40','','','25','',30,'Y','Oceanic','N','','OW student dive 4 Ed   finished all skills','N','2011-08-31 20:29:54'),(107,'biodiver101@gmail.com',136,'2010-09-24','11:55','',0,0,0,'','82',0,0,'5','6','N','Y','Y','N','N','Y','N','N','N','N','N','N','Dania, FL','Tigertail Lake','','','','31','',46,'Y','Oceanic','N','','No Boat trip  \r\n\r\nDive with Refresher student Mike','N','2011-09-01 22:35:00'),(108,'biodiver101@gmail.com',137,'2010-09-25','9:59','',0,0,0,'','86',0,0,'60','6','Y','N','N','Y','N','Y','N','N','Y','N','N','N','Fort Lauderdale, FL','Hammerhead Reef','','','','61','3',48,'Y','Oceanic','N','','SeaXPII  Capt: Bill  DM:Grant\r\n\r\nReef Cleanup Dive\r\n\r\ndove with Cat, Alex, and Al\r\n\r\nNice dive, found lots of line and trash\r\nFound an anchor with line that Cat floated to surface','N','2011-09-01 22:39:01'),(109,'biodiver101@gmail.com',138,'2010-09-25','11:17','',0,0,0,'','85',0,0,'30','6','Y','N','N','N','N','N','N','N','N','N','N','N','Fort Lauderdale, FL','Barracuda Reef','','','','40','',63,'Y','Oceanic','N','','SeaXPII  Capt: Bill  \r\n\r\nReef Cleanup Dive 2   with Cat, Alex, and Al\r\n\r\nbrought mesh bags collected a lot of fishing line and rope.  Alex found 4 fishing poles','N','2011-09-01 22:58:22'),(110,'biodiver101@gmail.com',139,'2010-09-28','10:02','',0,0,0,'','85',0,0,'30','6','Y','N','N','Y','N','N','N','N','N','N','N','N','Fort Lauderdale, FL','Hammerhead Reef','','','','95','3',33,'Y','Oceanic','N','','SeaXPII  Capt:Mark\r\n\r\nCarried flag chased dive buddy Bret all the way east to 90ft starting at 60ft.  Dive not cool too fast couldnt see buddy have the time didnt even have time to unravel drift line.    Didnt get to see anything   Sat out second dive hung out with Mark instead :)','N','2011-09-01 23:11:28'),(111,'captainmarkos@gmail.com',23,'2000-07-01','0942','1009',0,27,27,'85','80',3000,300,'60','10','Y','N','N','Y','N','N','N','N','N','N','N','N','Key Largo, FL','Duane','','','','105','5',27,'N','','N','','Deep wreck dive, USCG Duane.\r\n\r\nJim and Paula McLeod.  Jim had a computer.\r\n\r\nJim McLeod PADI# 160635\r\n','N','2011-09-01 23:29:45'),(112,'captainmarkos@gmail.com',24,'2000-07-01','1118','1216',0,0,0,'86','85',3100,900,'60','10','Y','N','N','Y','N','N','N','N','N','N','N','N','Key Largo, FL','Minnow caves','1:08','','','19','',58,'N','','N','','A lot of minnows at Minnow Caves.  Jim &amp; Paula McLeod.\r\n\r\nJim McLeod PADI# 160635\r\n','N','2011-09-01 23:32:11'),(113,'captainmarkos@gmail.com',25,'2000-07-08','0920','1020',0,53,53,'85','82',2900,700,'30','10','Y','N','Y','N','N','N','N','N','N','N','N','N','Dania Beach, FL','Barracuda Reef','','','','31','',53,'N','','N','','Dive with Dry Martini - Captain Walt.\r\n\r\nEasy relaxing day.  Walt had an underwater speaker/radio.\r\n','N','2011-09-01 23:42:53'),(114,'captainmarkos@gmail.com',26,'2000-07-08','1105','1155',0,0,0,'','',3000,1000,'30','10','Y','N','N','Y','N','N','N','N','N','N','N','N','Dania Beach, FL','Barracuda Reef',':30','','','35','',43,'N','','N','','Dry Martini - ok dive operation.  Underwater radio/speakers.  Easy relaxing day.\r\n','N','2011-09-01 23:42:36'),(115,'captainmarkos@gmail.com',27,'2000-07-09','1100','1155',0,0,0,'85','82',3500,100,'20','10','Y','N','Y','N','N','N','N','N','N','N','N','N','Dania Beach, FL','Dania Erojack Reef','','','','25','',55,'N','','N','','Beach dive with Mateo, Rocco, and Jen.  Switched BC with Mateo (underwater).  Man-made reef, north of fence at Dania Beach.  Cool dive.\r\n','N','2011-09-01 23:42:20'),(116,'captainmarkos@gmail.com',28,'2000-07-22','1405','1430',0,0,0,'','82',3000,800,'60','10','Y','N','N','Y','N','N','N','N','N','N','N','N','Fort Lauderdale, FL','Rebel','','','','111','3',19,'N','','N','','Wreck dive with ProDive.  Used buddy&#039;s computer.\r\n\r\nDive Buddy: Bill (?)\r\n','N','2011-09-01 23:49:09'),(117,'captainmarkos@gmail.com',29,'2000-07-22','1450','1555',0,0,0,'','',3100,400,'30','10','Y','N','N','Y','N','N','N','N','N','N','N','N','Fort Lauderdale, FL','Oakland Ridges',':20','','','28','',65,'N','','N','','Reef dive with ProDiver.  Dive Buddy: Bill Somebody','N','2011-09-01 23:51:46'),(118,'captainmarkos@gmail.com',30,'2000-08-06','1445','1530',0,0,0,'','85',3100,1000,'30','10','Y','N','N','Y','N','N','N','N','N','N','N','N','Deerfield Beach, FL','Sea Emperor','','','R','75','3',33,'N','','N','','Wreck dive with Diversion Excursion Charters.  Lots of Southern Stingrays.  Cost $61 (ouch).  Dive Buddy: Cliff Somebody','N','2011-09-01 23:57:52'),(119,'captainmarkos@gmail.com',31,'2000-08-06','1610','1710',0,0,0,'','85',3000,700,'30','10','Y','N','N','Y','N','N','N','N','N','N','N','N','Deerfield Beach, FL','Reef',':30','','','40','',58,'N','','N','','Reef dive with Diversion Excursion Charters.  First day of lobster season.  Dive Buddy: Cliff Somebody','N','2011-09-01 23:57:29'),(120,'captainmarkos@gmail.com',32,'2000-08-20','1100','1230',0,60,60,'88','',3000,500,'','10','Y','N','Y','N','N','N','N','N','N','N','N','N','Miami Beach, FL','Beach Dive','','','','20','',60,'N','','N','','Beach dive with Rocco and Julie.  I found a baby Nurse Shark in a lobster trap and set it free.  Shit hole mess - garbage everywhere.','N','2011-09-02 00:01:14'),(121,'captainmarkos@gmail.com',33,'2000-09-27','1400','1445',0,42,42,'88','85',3000,1300,'40','10','Y','N','N','Y','N','N','N','N','N','N','N','N','Key Largo, FL','Reef','','','','40','',42,'N','','N','','Reef dive with Silent World.','N','2011-09-05 16:34:32'),(122,'captainmarkos@gmail.com',34,'2000-09-27','1505','1600',0,0,0,'90','85',3000,1400,'40','10','Y','N','N','Y','N','N','N','N','N','N','N','N','Key Largo, FL','Reef',':20','','','30','',55,'N','','N','','Reef dive with Silent World.  Burst disk blew on my tanks when getting them filled at Captain Slates.  Loud bang!','N','2011-09-05 16:37:09'),(123,'captainmarkos@gmail.com',35,'2000-09-29','0930','1000',0,28,28,'86','84',3000,1400,'50','10','Y','N','N','Y','N','N','N','N','N','N','N','N','Key West, FL','Joe&#039;s Tug','','','n','70','3',28,'N','','N','','Joe&#039;s Tug - wreck dive with SubTropic. Very strong current but was fun!  Dive buddy: Eric Somebody','N','2011-09-05 16:40:59'),(124,'captainmarkos@gmail.com',36,'2000-09-29','1030','1130',48,58,106,'87','84',3000,1100,'40','10','Y','N','N','Y','N','N','N','N','N','N','N','N','Key West, FL','Reef',':30','i','','30','',58,'N','','N','','Reef dive with Subtropic.  Beautiful dive.  Saw a sea turtle.  Buddy: Eric Somebody','N','2011-09-05 16:43:25'),(125,'captainmarkos@gmail.com',37,'2000-10-21','1330','1445',0,63,63,'82','',3000,200,'15','10','Y','N','Y','N','N','N','N','N','N','N','N','N','Dania Beach, FL','Dania Erojack Reef','','','','25','',63,'N','','N','','Beach dive with Mateo.  Wasn&#039;t cold - forgot to check the water temperature.  Surf and surge.','N','2011-09-05 16:50:47'),(126,'captainmarkos@gmail.com',38,'2000-10-28','0930','1230',0,0,0,'81','79',3100,1000,'10','12','Y','N','Y','N','N','N','N','N','N','N','N','N','Key Largo, FL','Jules Undersea Lodge','','','','30','',30,'N','','N','','Rescue diving activities with Jason Jones and Mateo Torres.  Jules has an underwater hotel/lodge.\r\n\r\nhttp://www.jul.com/\r\n','N','2011-09-05 16:50:17'),(127,'captainmarkos@gmail.com',39,'2000-11-04','1400','1445',0,35,35,'80','78',3000,500,'40','12','Y','N','N','Y','N','Y','N','N','N','N','N','N','Pompano Beach, FL','Lighthouse Reef','','','q','80','3',35,'N','','N','','Reef dive - 60ft mostly but it does drop off gradually (and didn&#039;t notice).  Be careful!  Got cold when back to the boat.  Dive Buddy: Jason Jones','N','2011-09-05 16:54:35'),(128,'captainmarkos@gmail.com',40,'2000-11-04','1545','1615',19,30,49,'','78',3300,1000,'40','12','Y','N','N','Y','N','Y','N','N','N','N','N','N','Pompano Beach, FL','Lighthouse Reef','1:00','','','60','3',30,'N','','N','','Reef dive with Jason Jones.  Got cold.  Pay attention to the depth on this reef.  3mm shortie.','N','2011-09-05 16:57:25'),(129,'captainmarkos@gmail.com',41,'2000-11-11','0900','0940',0,33,33,'','78',2900,400,'50','12','Y','N','N','Y','N','Y','N','N','Y','N','N','N','Dania Beach, FL','Tenneco Towers','','','','107','3',33,'Y','','N','','Deep wreck dive with Jason Jones (Rescue instructor).  No current.  3mm shortie.','N','2011-09-05 17:03:54'),(130,'captainmarkos@gmail.com',42,'2000-11-11','1050','1130',0,0,0,'','79',3300,500,'50','12','Y','N','N','Y','N','Y','N','N','Y','N','N','N','Dania Beach, FL','Mine Car','1:10','','','70','',35,'Y','','N','','Lots of Jellyfish.  Dive Buddy: Jason Jones  3mm shortie.','N','2011-09-05 17:03:40'),(131,'captainmarkos@gmail.com',43,'2001-02-24','','',0,30,30,'','75',0,0,'30','','Y','N','N','Y','N','Y','N','N','N','N','N','N','Dania Beach, FL','Hammerhead Reef','','','R','80','1',30,'N','','N','','Diving on the American Dream.  Wore a 3mm shortie, got cold.  I was at 80ft for only a couple minutes.  Average depth was ~65ft.  Drift dive.  Dive buddy: Jim McLeod PADI #160635','N','2011-09-06 12:13:38'),(132,'captainmarkos@gmail.com',44,'2001-02-24','','',0,0,0,'','75',0,0,'30','','Y','N','N','Y','N','Y','N','N','N','N','N','N','Dania Beach, FL','Barracuda Reef',':31','','','30','',38,'N','','N','','Diving on American Dream.  Water temperature 75 degrees - cold!  I wore a 3mm shortie.  Drift dive - the flag tangled with another dive flag.\r\n\r\nI got sick on this (2nd) dive but didn&#039;t throw up.  Dunno why?  Got very cold towards the end of the dive.  Very cold on the boat.  Bring a warm towel next time.\r\n\r\nDive Buddy: Jim McLeod PADI #160635','N','2011-09-06 12:14:02'),(133,'biodiver101@gmail.com',1,'2009-06-26','10:06','10:32',0,0,0,'86','81',3000,1500,'60','12','Y','N','N','Y','N','Y','N','N','N','N','N','N','Fort Lauderdale, FL','Mercedes Wreck','','','E','40','3',26,'N','','N','','SeaXPII  Capt: Bill\r\n\r\nOW Dive #1  Instructor Mark Brettin 178024\r\nConfined water training (pool) with Mateo Torres\r\n\r\nDescended on line swam around holding Marks hand during tour of wreck(86)\r\n\r\nXS Passage BCD\r\nXS shorty wetsuit','N','2011-09-06 18:10:56'),(134,'biodiver101@gmail.com',2,'2009-06-26','11:12','11:59',19,47,66,'86','81',3000,1200,'40','12','Y','N','N','Y','N','Y','N','N','N','N','N','N','Fort Lauderdale, FL','Oakland Ridges','39','B','M','34','',47,'N','','N','','SeaXPII  Capt: Bill\r\n\r\nOW dive #2 Instructor Mark Brettin 178024\r\n\r\nSwam behind Mark,  Working on bouyancy \r\nBeautiful Reef lots of colorful fish\r\n\r\nAverage depth 26ft\r\n\r\nCESA, mask and reg skills','N','2011-09-06 18:18:06'),(135,'biodiver101@gmail.com',3,'2009-07-03','9:59','10:29',0,0,0,'86','77',3100,1000,'40','14','Y','N','N','Y','N','Y','N','N','N','N','N','N','Fort Lauderdale, FL','Jim Atria Wreck','','','L','60','3',30,'N','','N','','SeaXPII  Capt:Bill\r\n\r\nOW Dive #3  Instructor Mark Brettin 178024\r\n\r\nDecended on line slowly to wreck.  Swam around wreck with Mark (117).  Very heavy on weight.  Cool structures ','N','2011-09-06 18:36:55'),(136,'biodiver101@gmail.com',4,'2009-07-03','11:11','11:55',32,44,76,'86','81',3100,1100,'40','14','Y','N','N','Y','N','Y','N','N','N','N','N','N','Fort Lauderdale, FL','Willy&#039;s Way','40','E','','30','',44,'N','','N','','SeaXPII  Capt:Bill\r\n\r\nOW Dive #4  Instructor Mark Brettin 178024\r\n \r\nDrift Dive followed Mark saw huge loggerhead turtle :D\r\n\r\nFinished skills Certified Open Water!!','N','2011-09-06 18:36:23'),(137,'biodiver101@gmail.com',5,'2009-07-11','19:05','19:27',0,0,0,'86','81',3100,1000,'40','14','Y','N','N','Y','N','Y','N','N','N','N','N','N','Fort Lauderdale, FL','Merci Jesus Wreck','','','M','72','3',22,'N','','N','','SeaXPII  Capt:Bill\r\n\r\nDove with Mark B. swam around wreck from bottom to top.  Very cool structures and openings.  \r\n\r\nshared air with Mark at safety stop so he could untie the wreck line \r\n\r\nAverage depth 52ft \r\n\r\nEvening dive, watched he sunset ','N','2011-09-06 18:48:35'),(138,'biodiver101@gmail.com',6,'2009-07-13','10:15','10:52',0,0,0,'83','73',3000,1000,'50','12','Y','N','N','Y','N','Y','N','N','N','N','N','N','Fort Lauderdale, FL','Mercedes Wreck','','','P','93','3',37,'N','','N','','SeaXPII  \r\n\r\nDove with Dave Manney.\r\n\r\nWent inside pilot house a couple times.  Waited until everyone was out to untie line with Dave','N','2011-09-06 19:24:07'),(139,'biodiver101@gmail.com',7,'2009-07-13','11:30','12:25',0,0,0,'','83',3000,1800,'50','12','Y','N','N','Y','N','Y','N','N','N','N','N','N','Fort Lauderdale, FL','Oakland Ridges','38','I','','32','',55,'N','','N','','SeaXPII  Capt: Mark\r\n\r\nDove with Dave M. lost him but he was right above me.  Dave found a mask and boat hook','N','2011-09-06 19:37:57'),(140,'captainmarkos@gmail.com',635,'2011-09-15','1830','1915',0,0,0,'82','84',3000,700,'50','8','Y','N','N','Y','N','N','N','N','Y','N','N','N','Fort Lauderdale, FL','Hammerhead Reef','','','','60','3',45,'Y','Tusa Rental','N','','Crew dive on Sea ExperienceII.  Gina was captain.  Drift dive.','N','2011-09-19 23:48:09'),(141,'captainmarkos@gmail.com',636,'2011-09-29','0958','1040',0,0,0,'82','83',3100,500,'40','8','Y','N','N','Y','N','N','N','N','Y','N','N','N','Fort Lauderdale, FL','Hog Heaven','','','','73','3',41,'Y','Oceanic Geo 2','Y','36','Hog Heaven on board seaxpII.  Captain: Andrew / Divemaster: Mateo.\r\n\r\nHuge green Moray Eel.  Christina and I both used 36% EANx.  Christina surfaced with 1500 psi, I has 500 psi.\r\n\r\n','N','2011-09-29 20:33:26'),(142,'captainmarkos@gmail.com',637,'2011-09-29','1101','1155',0,0,0,'82','84',3000,1000,'50','8','Y','N','N','Y','N','N','N','N','Y','N','N','N','Fort Lauderdale, FL','The Caves','21','','','32','0',52,'Y','Oceanic Geo 2','N','','Drift dive at the Caves.  There was a slight south current with great viz and blue water.  Caught one lobster.  Christina picked up a urchin and brittle starfish.  Nice dive.','N','2011-09-29 20:32:14'),(143,'captainmarkos@gmail.com',638,'2011-10-01','0956','1028',0,0,0,'','83',3000,400,'60','8','Y','N','N','Y','N','N','N','N','Y','N','N','N','Key Largo, FL','Spiegle Grove','','','','118','3',32,'Y','Oceanic Geo 2','N','','Rainbow Reef, Captain Tom onboard the Burpee with Christina and Jason.  Nice dive.  Very little current.','N','2011-10-05 18:26:41'),(144,'captainmarkos@gmail.com',639,'2011-10-01','1103','1201',0,0,0,'','84',2900,500,'40','8','Y','N','N','Y','N','N','N','N','Y','N','N','N','Key Largo, FL','Benwood','35','','','81','3',58,'Y','Oceanic Geo 2','N','','The Benwood with Rainbow Reef onboard the Burpee with captain Tom.  Dive with Christina and Tom.  The reef wall is ~160 degrees off of the bow of the Benwood.  Lots of christmass tree worms in the fire coral.','N','2011-10-05 18:31:05'),(145,'captainmarkos@gmail.com',640,'2011-10-03','0942','1015',0,0,0,'','85',3000,1000,'50','8','Y','N','N','Y','N','N','N','N','Y','N','N','N','KEY WEST < FL > ','Dude man','','','','98','3',33,'Y','','N','','Th is is a test I wouldn\'t save but \"IT \" is \n\n\nCOOL BEANS ` \' ) ( ? @\n','N','2012-08-18 21:24:18'),(146,'captainmarkos@gmail.com',641,'2011-10-03','1118','',0,0,0,'','85',3000,1000,'50','8','Y','N','N','Y','N','N','N','N','Y','N','N','N','Key West, FL','Vandenberg','','','','97','3',34,'Y','Oceanic Geo 2','N','','Gen. Hoyt S. Vandenberg (wreck) with Subtropic dive shop.  I wouldn&#039;t recommend them to anyone.  We only dive with them because they give good instructor discounts.','N','2011-10-05 18:38:47'),(147,'captainmarkos@gmail.com',642,'2011-10-12','1015','1105',0,0,0,'80','72',3000,1400,'40','16','N','Y','Y','N','N','Y','N','N','Y','N','N','N','Williston, FL','Devils Den','','','','42','',47,'Y','Oceanic Geo 2','N','','Cavern dive at Devils Den with Christina.  Nice campground, we rented a cabin for $75/night.  Wore a 5mm full wetsuit and 3mm hooded vest and was comfortable.','N','2011-10-24 00:55:12'),(148,'captainmarkos@gmail.com',643,'2011-11-21','1318','1345',0,0,0,'80','77',3000,1800,'20','14','Y','N','N','Y','N','Y','N','N','Y','N','N','N','Fort Lauderdale, FL','Tracy','','','','76','3',21,'Y','Oceanic Geo 2','N','','Diving on XPII with Christina.  Christina was hired as a guide for Tom (father) and Hanna (daughter) from Maine.  Seas were a bit rough.  East wind ~15kts.  Viz was poor.  Tom likes air!  Always good diving with my babes.  5mm wetsuit and was fine.\n\n','N','2012-08-17 06:07:01'),(149,'captainmarkos@gmail.com',644,'2011-11-21','1620','',0,0,0,'80','77',3000,1600,'15','14','Y','N','N','Y','N','Y','N','N','Y','N','N','N','Fort Lauderdale, FL','Sunrise Ledge','40','','','32','',40,'Y','Oceanic Geo 2','N','','Diving on XPII with Christina.  Christina was hired as a guide for Tom (father) and Hanna (daughter) from Maine.  Seas were a bit rough.  East wind ~15kts.  Viz was poor.  Tom likes air!  Always good diving with my babes.  Used a 5mm wetsuit and was just fine.\r\n\r\n','N','2011-11-22 13:08:39'),(150,'captainmarkos@gmail.com',645,'2011-11-23','0938','1020',0,0,0,'80','78',3000,700,'80','14','Y','N','Y','N','N','Y','N','N','Y','N','N','N','Fort Lauderdale, FL','Hog Heaven','','','','70','3',38,'Y','Oceanic Geo','N','','Sea Experience II dive boat.  Dive with Jason (divemaster), Christina and Courtney (OW student &amp; Jason&#039;s wife).  The viz was great especially after a week of strong ENE winds.  Slight south current.  I missed two lionfish.  5mm Wetsuit and was fine.','N','2011-11-27 15:00:59'),(151,'captainmarkos@gmail.com',646,'2011-11-23','1043','1133',0,0,0,'80','76',3000,1000,'40','14','Y','N','N','Y','N','Y','N','N','Y','N','N','N','Fort Lauderdale, FL','Sunrise Ledge','25','','','30','',50,'Y','Oceanic Geo','N','','Sunrise Ledge on XPII with Christina, Jason Brown (divemaster) and Courtney (OW student &amp; Jason&#039;s wife).  Caught 7 lobsters but 2 were short.  Great dive.  Wore 5mm wetsuit and was fine.','N','2012-08-05 21:55:15'),(159,'captainmarkos@gmail.com',1,'1999-11-11','','',24,20,44,'75','72',1400,600,'40','8','N','Y','Y','N','N','Y','N','N','N','Y','N','N','Balmorhea, TX','Balmorhea State Park','30','F','N','30','',20,'N','','N','','Open Water dive #2 in fresh water.  I used a 3mm full suit and remember being a little cold still.  This was an altitude dive and the formula given to me had lots of rounding (up).\n\nElevation 3150ft\n\nSo the adjusted depth came out to 50ft.\n\nI think the actual depth was ~25ft.\n\nThis was a small lake fed by an underwater spring.  There were fish and turtles.\n\nInstructor:  Julie Brensen #47445','N','2012-08-17 06:10:13'),(161,'captainmarkos@gmail.com',647,'2012-08-04','','',0,0,0,'','',0,0,'','','N','N','N','N','N','N','N','N','N','N','N','N','gggggggggg','eeeeeeeeee','','','','','',0,'N','','N','','','Y','2012-08-05 22:04:13'),(162,'captainmarkos@gmail.com',648,'2012-08-04','','',0,0,0,'','',0,0,'','','N','N','N','N','N','N','N','N','N','N','N','N','ddddddddd','vvvvvvvvvvvv','','','','','',0,'N','','N','','','Y','2012-08-05 22:04:23'),(163,'captainmarkos@gmail.com',649,'2012-08-22','','',0,0,0,'','',0,0,'','','N','N','N','N','N','N','N','N','N','N','N','N','wwwwwwwwwwww','jjjjjjjjjj','','','','','',0,'N','','N','','','Y','2012-08-05 22:04:30'),(165,'captainmarkos@gmail.com',651,'2012-08-09','','',0,0,0,'','',0,0,'','','N','N','N','N','N','N','N','N','N','N','N','N','Santa Rosa, NM','Blue Hole','','','','','',0,'N','','N','','','N','2012-08-05 21:58:55'),(166,'captainmarkos@gmail.com',652,'2012-08-06','','',0,0,0,'','',0,0,'','','N','N','N','N','N','N','N','N','N','N','N','N','Hollywood, CA','Over the Rainbow','','','','','',0,'N','','N','','','N','2012-08-05 22:02:12'),(167,'captainmarkos@gmail.com',653,'2012-08-02','','',0,0,0,'','',0,0,'','','N','N','N','N','N','N','N','N','N','N','N','N','Santa Monica, CA','Dark Cloud','','','','','',0,'N','','N','','','N','2012-08-05 22:03:53'),(168,'captainmarkos@gmail.com',650,'2012-08-06','','',0,0,0,'','',0,0,'','','N','N','N','N','N','N','N','N','N','N','N','N','Albuquerque, NM','UNM','','','','','',0,'N','','N','','','N','2012-08-05 22:06:56');
/*!40000 ALTER TABLE `divelog` ENABLE KEYS */;
UNLOCK TABLES;

--
-- Table structure for table `divelogprefs`
--

DROP TABLE IF EXISTS `divelogprefs`;
/*!40101 SET @saved_cs_client     = @@character_set_client */;
/*!40101 SET character_set_client = utf8 */;
CREATE TABLE `divelogprefs` (
  `id` int(8) NOT NULL AUTO_INCREMENT,
  `user_id` int(8) DEFAULT NULL,
  `distance` enum('I','M') NOT NULL DEFAULT 'I',
  `weight` enum('I','M') NOT NULL DEFAULT 'I',
  `temperature` enum('I','M') NOT NULL DEFAULT 'I',
  `pressure` enum('I','M') NOT NULL DEFAULT 'I',
  `cert_level` varchar(64) NOT NULL DEFAULT '',
  `cert_agency` varchar(64) NOT NULL DEFAULT '',
  `deleted` enum('Y','N') NOT NULL DEFAULT 'N',
  `timestamp` timestamp NOT NULL DEFAULT CURRENT_TIMESTAMP ON UPDATE CURRENT_TIMESTAMP,
  PRIMARY KEY (`id`),
  UNIQUE KEY `id` (`id`),
  UNIQUE KEY `users_id` (`user_id`)
) ENGINE=MyISAM AUTO_INCREMENT=19 DEFAULT CHARSET=utf8;
/*!40101 SET character_set_client = @saved_cs_client */;

--
-- Dumping data for table `divelogprefs`
--

LOCK TABLES `divelogprefs` WRITE;
/*!40000 ALTER TABLE `divelogprefs` DISABLE KEYS */;
INSERT INTO `divelogprefs` VALUES (18,8,'I','I','M','I','PADI','Divemaster','N','2012-08-18 23:28:49');
/*!40000 ALTER TABLE `divelogprefs` ENABLE KEYS */;
UNLOCK TABLES;

--
-- Table structure for table `galleries`
--

DROP TABLE IF EXISTS `galleries`;
/*!40101 SET @saved_cs_client     = @@character_set_client */;
/*!40101 SET character_set_client = utf8 */;
CREATE TABLE `galleries` (
  `id` int(8) NOT NULL AUTO_INCREMENT,
  `name` varchar(64) NOT NULL DEFAULT '',
  `image` varchar(64) NOT NULL DEFAULT '',
  `description` text,
  `timestamp` timestamp NOT NULL DEFAULT CURRENT_TIMESTAMP ON UPDATE CURRENT_TIMESTAMP,
  `user_id` int(8) NOT NULL DEFAULT '0',
  PRIMARY KEY (`id`),
  UNIQUE KEY `id` (`id`)
) ENGINE=MyISAM AUTO_INCREMENT=1005 DEFAULT CHARSET=utf8;
/*!40101 SET character_set_client = @saved_cs_client */;

--
-- Dumping data for table `galleries`
--

LOCK TABLES `galleries` WRITE;
/*!40000 ALTER TABLE `galleries` DISABLE KEYS */;
INSERT INTO `galleries` VALUES (1000,'goldencoconut.us','4ff941e13f2784cecacba2dee683e161.jpg','goldencoconut.us','2011-07-28 16:35:09',13),(1001,'jasonreichle','ca13984998335180ba2be6b02f0ae7bb.jpg','jasonreichle','2011-07-28 16:43:21',12),(1002,'biodiver101','3beed8ce8660b91dac4beef72dabb308.jpg','biodiver101','2011-07-28 16:38:28',7),(1003,'captainmarkos','1c86785eb69657d3705941da48d93235.jpg','captainmarkos','2011-07-28 16:36:43',8),(1004,'paradise','81d55f5854982008126bfaa2873c93e2.jpg','paradise','2011-10-25 15:49:13',14);
/*!40000 ALTER TABLE `galleries` ENABLE KEYS */;
UNLOCK TABLES;

--
-- Table structure for table `images`
--

DROP TABLE IF EXISTS `images`;
/*!40101 SET @saved_cs_client     = @@character_set_client */;
/*!40101 SET character_set_client = utf8 */;
CREATE TABLE `images` (
  `id` int(8) NOT NULL AUTO_INCREMENT,
  `album_id` int(8) NOT NULL DEFAULT '0',
  `title` varchar(64) NOT NULL DEFAULT '',
  `type` varchar(64) NOT NULL DEFAULT '',
  `image` varchar(128) DEFAULT NULL,
  `image_width` int(8) NOT NULL DEFAULT '0',
  `image_height` int(8) NOT NULL DEFAULT '0',
  `thumbnail` varchar(128) DEFAULT NULL,
  `display_image` varchar(128) DEFAULT NULL,
  `description` text,
  `timestamp` timestamp NOT NULL DEFAULT CURRENT_TIMESTAMP ON UPDATE CURRENT_TIMESTAMP,
  PRIMARY KEY (`id`),
  UNIQUE KEY `id` (`id`),
  KEY `album_id` (`album_id`)
) ENGINE=MyISAM AUTO_INCREMENT=247 DEFAULT CHARSET=utf8;
/*!40101 SET character_set_client = @saved_cs_client */;

--
-- Dumping data for table `images`
--

LOCK TABLES `images` WRITE;
/*!40000 ALTER TABLE `images` DISABLE KEYS */;
INSERT INTO `images` VALUES (9,1,'FEB 23','jpg','6421238c24ad907930981a1f325d0cbd.jpg',1024,768,'tn_6421238c24ad907930981a1f325d0cbd.jpg','ds_6421238c24ad907930981a1f325d0cbd.jpg','Diving in Islamorada, Florida','2011-08-14 14:45:18'),(10,1,'FEB 23','jpg','901368cba7fb805d6a917953eff1a3ff.jpg',1024,768,'tn_901368cba7fb805d6a917953eff1a3ff.jpg','ds_901368cba7fb805d6a917953eff1a3ff.jpg','Diving in Islamorada, Florida','2011-08-14 14:45:18'),(8,1,'FEB 23','jpg','076e9f650c5f9ed5649c6c9ee296bd54.jpg',1024,768,'tn_076e9f650c5f9ed5649c6c9ee296bd54.jpg','ds_076e9f650c5f9ed5649c6c9ee296bd54.jpg','Diving in Islamorada, Florida','2011-08-14 14:45:18'),(7,1,'FEB 23','jpg','ca9ca106456a62356af035ffa4099afe.jpg',1024,768,'tn_ca9ca106456a62356af035ffa4099afe.jpg','ds_ca9ca106456a62356af035ffa4099afe.jpg','Diving in Islamorada, Florida','2011-08-14 14:45:18'),(6,1,'FEB 23','jpg','58e39e4b9bdefbe003f3a134f6bfff73.jpg',1024,768,'tn_58e39e4b9bdefbe003f3a134f6bfff73.jpg','ds_58e39e4b9bdefbe003f3a134f6bfff73.jpg','Diving in Islamorada, Florida','2011-08-14 14:45:18'),(11,1,'FEB 23','jpg','8b406b15498d196f4ae99a1c6e82a3cb.jpg',1024,768,'tn_8b406b15498d196f4ae99a1c6e82a3cb.jpg','ds_8b406b15498d196f4ae99a1c6e82a3cb.jpg','Diving in Islamorada, Florida','2011-08-14 14:45:18'),(12,1,'FEB 23','jpg','f90f37f5bc3d2b5d10a6fcd1d93993a8.jpg',1024,768,'tn_f90f37f5bc3d2b5d10a6fcd1d93993a8.jpg','ds_f90f37f5bc3d2b5d10a6fcd1d93993a8.jpg','Diving in Islamorada, Florida','2011-08-14 14:45:18'),(13,1,'FEB 23','jpg','6e0aca5efbfb153767fc80d5d77d6086.jpg',1024,768,'tn_6e0aca5efbfb153767fc80d5d77d6086.jpg','ds_6e0aca5efbfb153767fc80d5d77d6086.jpg','Diving in Islamorada, Florida','2011-08-14 14:45:18'),(14,1,'FEB 23','jpg','cf896a2fee960173d3a87ab46ac95203.jpg',1024,768,'tn_cf896a2fee960173d3a87ab46ac95203.jpg','ds_cf896a2fee960173d3a87ab46ac95203.jpg','Diving in Islamorada, Florida','2011-08-14 14:45:18'),(15,1,'FEB 23','jpg','a48ef0d646be0d1ca25a6d846e7e34a4.jpg',1024,768,'tn_a48ef0d646be0d1ca25a6d846e7e34a4.jpg','ds_a48ef0d646be0d1ca25a6d846e7e34a4.jpg','Diving in Islamorada, Florida','2011-08-14 14:45:18'),(16,1,'FEB 23','jpg','316a9f97688bce8e0b1c4267a837854a.jpg',1024,768,'tn_316a9f97688bce8e0b1c4267a837854a.jpg','ds_316a9f97688bce8e0b1c4267a837854a.jpg','Diving in Islamorada, Florida','2011-08-14 14:45:18'),(17,1,'FEB 23','jpg','88661d2f77d2a14612ba9bfbe35f85cd.jpg',1024,768,'tn_88661d2f77d2a14612ba9bfbe35f85cd.jpg','ds_88661d2f77d2a14612ba9bfbe35f85cd.jpg','Diving in Islamorada, Florida','2011-08-14 14:45:18'),(18,1,'FEB 23','jpg','4ab108200aecf7a111b56ce99b409f66.jpg',1024,768,'tn_4ab108200aecf7a111b56ce99b409f66.jpg','ds_4ab108200aecf7a111b56ce99b409f66.jpg','Diving in Islamorada, Florida','2011-08-14 14:45:18'),(19,1,'FEB 23','jpg','22edd3632083affa6b7790153a3f3d1b.jpg',1024,768,'tn_22edd3632083affa6b7790153a3f3d1b.jpg','ds_22edd3632083affa6b7790153a3f3d1b.jpg','Diving in Islamorada, Florida','2011-08-14 14:45:18'),(20,1,'FEB 23','jpg','523649a29ec0f981814210f31ce92baf.jpg',1200,900,'tn_523649a29ec0f981814210f31ce92baf.jpg','ds_523649a29ec0f981814210f31ce92baf.jpg','Diving in Islamorada, Florida','2011-08-14 14:45:18'),(21,2,'JUL 07','jpg','c0adebd172461b0ba13fcf8bba21613a.jpg',1200,900,'tn_c0adebd172461b0ba13fcf8bba21613a.jpg','ds_c0adebd172461b0ba13fcf8bba21613a.jpg','Diving in Key Largo, Florida.','2011-08-14 14:45:18'),(22,2,'JUL 07','jpg','fdb07aee440fdcd4ebbc7c9d1b26bf3c.jpg',1200,900,'tn_fdb07aee440fdcd4ebbc7c9d1b26bf3c.jpg','ds_fdb07aee440fdcd4ebbc7c9d1b26bf3c.jpg','Diving in Key Largo, Florida','2011-08-14 14:45:18'),(23,2,'JUL 07','jpg','2b89cdcf7ca2acb7f216ec1760f7d160.jpg',1200,900,'tn_2b89cdcf7ca2acb7f216ec1760f7d160.jpg','ds_2b89cdcf7ca2acb7f216ec1760f7d160.jpg','Diving in Key Largo, Florida','2011-08-14 14:45:18'),(24,2,'JUL 07','jpg','3b3b2f452b47217db3c51ca678efcebb.jpg',1200,900,'tn_3b3b2f452b47217db3c51ca678efcebb.jpg','ds_3b3b2f452b47217db3c51ca678efcebb.jpg','Diving in Key Largo, Florida','2011-08-14 14:45:18'),(25,2,'JUL 07','jpg','128c1ae5ff5e8a1c7d71ac9b1da7db83.jpg',1200,900,'tn_128c1ae5ff5e8a1c7d71ac9b1da7db83.jpg','ds_128c1ae5ff5e8a1c7d71ac9b1da7db83.jpg','Diving in Key Largo, Florida','2011-08-14 14:45:18'),(26,2,'JUL 13','jpg','9b41b0938d7023abae59e1b82dcf9c17.jpg',1200,900,'tn_9b41b0938d7023abae59e1b82dcf9c17.jpg','ds_9b41b0938d7023abae59e1b82dcf9c17.jpg','Bimini, Bahamas','2011-08-14 14:45:18'),(27,2,'JUL 13','jpg','6d789e00e3afac1b249e02a0929c2991.jpg',1200,900,'tn_6d789e00e3afac1b249e02a0929c2991.jpg','ds_6d789e00e3afac1b249e02a0929c2991.jpg','Bimini, Bahamas','2011-08-14 14:45:18'),(28,2,'JUL 13','jpg','ee0ba04fdc0d993ac1f9dfcc45318084.jpg',1200,900,'tn_ee0ba04fdc0d993ac1f9dfcc45318084.jpg','ds_ee0ba04fdc0d993ac1f9dfcc45318084.jpg','Diving around Bimini, Bahamas.','2011-08-14 14:45:18'),(29,2,'JUL 13','jpg','96c7993b67c0ae97d4e048aa0cb76427.jpg',1200,900,'tn_96c7993b67c0ae97d4e048aa0cb76427.jpg','ds_96c7993b67c0ae97d4e048aa0cb76427.jpg','Diving around Bimini, Bahamas.','2011-08-14 14:45:18'),(30,2,'JUL 13','jpg','5cfd4fe87fc81bc4ad5afce37a932809.jpg',1200,900,'tn_5cfd4fe87fc81bc4ad5afce37a932809.jpg','ds_5cfd4fe87fc81bc4ad5afce37a932809.jpg','Diving around Bimini, Bahamas from the Sea Experience II.','2011-08-14 14:45:18'),(31,2,'JUL 13','jpg','f3fd82311d44aa892d6d7f7d8bc188e3.jpg',1200,900,'tn_f3fd82311d44aa892d6d7f7d8bc188e3.jpg','ds_f3fd82311d44aa892d6d7f7d8bc188e3.jpg','Diving around Bimini, Bahamas from the Sea Experience II.','2011-08-14 14:45:18'),(32,2,'JUL 13','jpg','82e7a609c0b6e414c9c75186961fe78b.jpg',1200,900,'tn_82e7a609c0b6e414c9c75186961fe78b.jpg','ds_82e7a609c0b6e414c9c75186961fe78b.jpg','Diving around Bimini, Bahamas from the Sea Experience II.','2011-08-14 14:45:18'),(33,2,'JUL 13','jpg','e336241f8e9dfc83094c4fbd925beb4a.jpg',1200,900,'tn_e336241f8e9dfc83094c4fbd925beb4a.jpg','ds_e336241f8e9dfc83094c4fbd925beb4a.jpg','Diving around Bimini, Bahamas from the Sea Experience II.','2011-08-14 14:45:18'),(34,2,'JUL 13','jpg','3d1db491b4ee3aa7c083621bdfe4d0c9.jpg',1200,900,'tn_3d1db491b4ee3aa7c083621bdfe4d0c9.jpg','ds_3d1db491b4ee3aa7c083621bdfe4d0c9.jpg','Diving around Bimini, Bahamas from the Sea Experience II.','2011-08-14 14:45:18'),(35,2,'JUL 13','jpg','3d433df175a41ce4f4441a4cdf8a1519.jpg',1200,900,'tn_3d433df175a41ce4f4441a4cdf8a1519.jpg','ds_3d433df175a41ce4f4441a4cdf8a1519.jpg','Diving around Bimini, Bahamas from the Sea Experience II.','2011-08-14 14:45:18'),(36,2,'JUL 13','jpg','ce48c5b38baabb1f9a4e74a24f4ecb26.jpg',1200,900,'tn_ce48c5b38baabb1f9a4e74a24f4ecb26.jpg','ds_ce48c5b38baabb1f9a4e74a24f4ecb26.jpg','Diving around Bimini, Bahamas from the Sea Experience II.','2011-08-14 14:45:18'),(37,2,'JUL 13','jpg','ef7a10c12238d024826ec8689546810f.jpg',1200,900,'tn_ef7a10c12238d024826ec8689546810f.jpg','ds_ef7a10c12238d024826ec8689546810f.jpg','Diving around Bimini, Bahamas from the Sea Experience II.','2011-08-14 14:45:18'),(38,2,'JUL 13','jpg','18f406894d0717deb969c48f92ec76d4.jpg',1200,900,'tn_18f406894d0717deb969c48f92ec76d4.jpg','ds_18f406894d0717deb969c48f92ec76d4.jpg','Diving around Bimini, Bahamas from the Sea Experience II.  Queen Conch.','2011-08-14 14:45:18'),(39,2,'JUL 13','jpg','34a63e8c95e1554149177e2f9fbc67ee.jpg',1200,900,'tn_34a63e8c95e1554149177e2f9fbc67ee.jpg','ds_34a63e8c95e1554149177e2f9fbc67ee.jpg','The Sopona - an old concrete ship that ran aground in the early 1900s.  Shallow dive but great.  Thousands of critters and bullets from WWII planes that did target practice. Bimini, Bahamas from the Sea Experience II.','2011-08-14 14:45:18'),(40,2,'JUL 13','jpg','3e08e74c4d07ccc8128f6d8cb75a1072.jpg',800,600,'tn_3e08e74c4d07ccc8128f6d8cb75a1072.jpg','ds_3e08e74c4d07ccc8128f6d8cb75a1072.jpg','Bullets from the Sopona, near Bimini.','2011-08-14 14:45:18'),(41,3,'JAN 20','jpg','b6d494d6a71bab62ce7ae0806ea1908b.jpg',1024,768,'tn_b6d494d6a71bab62ce7ae0806ea1908b.jpg','ds_b6d494d6a71bab62ce7ae0806ea1908b.jpg','Going to the dive site on flat calm waters looking at the Lauderdale By the Sea pier.','2011-08-14 14:45:18'),(42,3,'JAN 20','jpg','37bda7a973e0fd5d3e981a80047bc942.jpg',1024,768,'tn_37bda7a973e0fd5d3e981a80047bc942.jpg','ds_37bda7a973e0fd5d3e981a80047bc942.jpg','Getting ready for the giant stride entry.','2011-08-14 14:45:18'),(43,3,'JAN 20','jpg','3c60279a40027e3a9515fac91fcfd7ba.jpg',1024,768,'tn_3c60279a40027e3a9515fac91fcfd7ba.jpg','ds_3c60279a40027e3a9515fac91fcfd7ba.jpg','SS Copenhagen Archaeological Preserve.','2011-08-14 14:45:18'),(44,3,'JAN 20','jpg','e4927c04a0b9feb3a28f4a7a7894d6ba.jpg',1024,768,'tn_e4927c04a0b9feb3a28f4a7a7894d6ba.jpg','ds_e4927c04a0b9feb3a28f4a7a7894d6ba.jpg','SS Copenhagen Archaeological Preserve.','2011-08-14 14:45:18'),(45,3,'JAN 20','jpg','e1f65530bfe94a4573540a07e4fba35c.jpg',1024,768,'tn_e1f65530bfe94a4573540a07e4fba35c.jpg','ds_e1f65530bfe94a4573540a07e4fba35c.jpg','Old anchor at the Copenhagen','2011-08-14 14:45:18'),(46,3,'JAN 20','jpg','dfc2b980dc980281ada5859b604ace5a.jpg',1024,768,'tn_dfc2b980dc980281ada5859b604ace5a.jpg','ds_dfc2b980dc980281ada5859b604ace5a.jpg','Old anchhor at the Copenhagen wreck.','2011-08-14 14:45:18'),(47,3,'JAN 20','jpg','f8d362859e7d799ffc7000949bfbb2fd.jpg',1024,768,'tn_f8d362859e7d799ffc7000949bfbb2fd.jpg','ds_f8d362859e7d799ffc7000949bfbb2fd.jpg','Diving at the Copenhagen with Sea Experience.','2011-08-14 14:45:18'),(48,3,'JAN 20','jpg','50b5c0f93dcd22b823e4174dd6f992fe.jpg',1024,768,'tn_50b5c0f93dcd22b823e4174dd6f992fe.jpg','ds_50b5c0f93dcd22b823e4174dd6f992fe.jpg','Diving at the Copenhagen with Sea Experience.','2011-08-14 14:45:18'),(49,3,'JAN 20','jpg','9bbb09b166f0b4a0f705afbe8908896b.jpg',1024,768,'tn_9bbb09b166f0b4a0f705afbe8908896b.jpg','ds_9bbb09b166f0b4a0f705afbe8908896b.jpg','Diving at the Copenhagen with Sea Experience.','2011-08-14 14:45:19'),(50,3,'JAN 20','jpg','24116e7634526199751a11086bcb3c41.jpg',1024,768,'tn_24116e7634526199751a11086bcb3c41.jpg','ds_24116e7634526199751a11086bcb3c41.jpg','Diving at the Copenhagen with Sea Experience.','2011-08-14 14:45:19'),(51,3,'JAN 20','jpg','68e1fc0f6050eb446455e9bbc09d92cd.jpg',1024,768,'tn_68e1fc0f6050eb446455e9bbc09d92cd.jpg','ds_68e1fc0f6050eb446455e9bbc09d92cd.jpg','Diving at the Copenhagen with Sea Experience.','2011-08-14 14:45:19'),(52,3,'JAN 20','jpg','805031bda336fc041fef017a8de3ed90.jpg',1024,768,'tn_805031bda336fc041fef017a8de3ed90.jpg','ds_805031bda336fc041fef017a8de3ed90.jpg','Diving at the Copenhagen with Sea Experience.','2011-08-14 14:45:19'),(53,3,'JAN 20','jpg','5f03dc7c2b0369809c489853819c38f7.jpg',1024,768,'tn_5f03dc7c2b0369809c489853819c38f7.jpg','ds_5f03dc7c2b0369809c489853819c38f7.jpg','Diving at the Copenhagen with Sea Experience.','2011-08-14 14:45:19'),(54,3,'JAN 20','jpg','6e2285b5a5ec0810f66f37b355416afe.jpg',1024,768,'tn_6e2285b5a5ec0810f66f37b355416afe.jpg','ds_6e2285b5a5ec0810f66f37b355416afe.jpg','Diving at the Copenhagen with Sea Experience.','2011-08-14 14:45:19'),(55,3,'JAN 20','jpg','af55fe3f8706614396fae521c4450267.jpg',1024,768,'tn_af55fe3f8706614396fae521c4450267.jpg','ds_af55fe3f8706614396fae521c4450267.jpg','Diving at the Copenhagen with Sea Experience.','2011-08-14 14:45:19'),(56,3,'JAN 20','jpg','6911347b36d2d89e786370bc366d6b7d.jpg',1024,768,'tn_6911347b36d2d89e786370bc366d6b7d.jpg','ds_6911347b36d2d89e786370bc366d6b7d.jpg','Diving at the Copenhagen with Sea Experience.','2011-08-14 14:45:19'),(57,4,'FEB 02','jpg','086e1f0b667e618f7d5d906093f70096.jpg',1200,900,'tn_086e1f0b667e618f7d5d906093f70096.jpg','ds_086e1f0b667e618f7d5d906093f70096.jpg','Atlantic Spadefish\r\nChristina took this pic of a school of spade fish diving at the Houseboat.  Fort Lauderdale, FL','2011-08-14 14:45:19'),(58,4,'FEB 02','jpg','680496514eeadffa528dda43097f229d.jpg',1024,768,'tn_680496514eeadffa528dda43097f229d.jpg','ds_680496514eeadffa528dda43097f229d.jpg','Christmas tree worms - Fort Lauderdale, FL','2011-08-14 14:45:19'),(59,4,'FEB 14','jpg','939cba2144acea65afb4d815a571aec6.jpg',1024,768,'tn_939cba2144acea65afb4d815a571aec6.jpg','ds_939cba2144acea65afb4d815a571aec6.jpg','Twin Ledges - Fort Lauderdale, FL','2011-08-14 14:45:19'),(60,4,'FEB 14','jpg','2d56bedeacefdd879b187f0507464974.jpg',1024,768,'tn_2d56bedeacefdd879b187f0507464974.jpg','ds_2d56bedeacefdd879b187f0507464974.jpg','Spotted Spiny Lobster\r\nTwin Ledges - Fort Lauderdale, FL','2011-08-14 14:45:19'),(61,4,'FEB 26','jpg','160e7ee058d296aa6762d9e549c17b58.jpg',1024,768,'tn_160e7ee058d296aa6762d9e549c17b58.jpg','ds_160e7ee058d296aa6762d9e549c17b58.jpg','Angel Fish Reef - Fort Lauderdale, FL','2011-08-14 14:45:19'),(62,4,'FEB 26','jpg','972d1eec68c9a523a0133171f87a9075.jpg',1024,768,'tn_972d1eec68c9a523a0133171f87a9075.jpg','ds_972d1eec68c9a523a0133171f87a9075.jpg','Scorpion Fish\r\nAngel Fish Reef - Fort Lauderdale, FL','2011-08-14 14:45:19'),(63,4,'FEB 26','jpg','df650692f1409b18cb8ee97e4f6d847f.jpg',1024,768,'tn_df650692f1409b18cb8ee97e4f6d847f.jpg','ds_df650692f1409b18cb8ee97e4f6d847f.jpg','Scorpion Fish\r\nAngel Fish Reef - Fort Lauderdale, FL','2011-08-14 14:45:19'),(64,4,'FEB 26','jpg','59feae353605c89ffa5c242a76ff5aa0.jpg',1024,768,'tn_59feae353605c89ffa5c242a76ff5aa0.jpg','ds_59feae353605c89ffa5c242a76ff5aa0.jpg','Christmas tree worms\r\nAngel Fish Reef - Fort Lauderdale, FL','2011-08-14 14:45:19'),(65,4,'FEB 26','jpg','e94afdc827082dc31726d2e3bfcef7d2.jpg',1024,768,'tn_e94afdc827082dc31726d2e3bfcef7d2.jpg','ds_e94afdc827082dc31726d2e3bfcef7d2.jpg','Banded Butterfly fish\r\nAngel Fish Reef - Fort Lauderdale, FL','2011-08-14 14:45:19'),(66,4,'FEB 26','jpg','50cc9865db86d9cad5f9d6680f81ed30.jpg',1024,768,'tn_50cc9865db86d9cad5f9d6680f81ed30.jpg','ds_50cc9865db86d9cad5f9d6680f81ed30.jpg','Christmas tree worms\r\nAngel Fish Reef - Fort Lauderdale, FL','2011-08-14 14:45:19'),(67,4,'FEB 26','jpg','a27227f7a4cd4c96b526f477b7264117.jpg',1024,768,'tn_a27227f7a4cd4c96b526f477b7264117.jpg','ds_a27227f7a4cd4c96b526f477b7264117.jpg','Christmas tree worms\r\nAngel Fish Reef - Fort Lauderdale, FL','2011-08-14 14:45:19'),(68,4,'FEB 26','jpg','f814009ba183ea1800d2940445e56d05.jpg',1024,768,'tn_f814009ba183ea1800d2940445e56d05.jpg','ds_f814009ba183ea1800d2940445e56d05.jpg','Queen Conch\r\nAngel Fish Reef - Fort Lauderdale, FL','2011-08-14 14:45:19'),(69,4,'FEB 26','jpg','0cc51fa0924087bcfa2dd1231e0ce88a.jpg',1024,768,'tn_0cc51fa0924087bcfa2dd1231e0ce88a.jpg','ds_0cc51fa0924087bcfa2dd1231e0ce88a.jpg','Gray Angel fish\r\nAngel Fish Reef - Fort Lauderdale, FL','2011-08-14 14:45:19'),(70,4,'FEB 26','jpg','e9ada1ad72d7a00321969ae4f759a02a.jpg',1024,768,'tn_e9ada1ad72d7a00321969ae4f759a02a.jpg','ds_e9ada1ad72d7a00321969ae4f759a02a.jpg','True Tulip\r\nAngel Fish Reef - Fort Lauderdale, FL','2011-08-14 14:45:19'),(71,4,'FEB 26','jpg','6d4fa71e823ce6c42a7193697f2483e1.jpg',1024,768,'tn_6d4fa71e823ce6c42a7193697f2483e1.jpg','ds_6d4fa71e823ce6c42a7193697f2483e1.jpg','Long-Spined Urchin (Diadema)\r\nAngel Fish Reef - Fort Lauderdale, FL','2011-08-14 14:45:19'),(72,5,'MAR 17','jpg','f31241f543c1781ae2697a22406b14aa.jpg',1024,768,'tn_f31241f543c1781ae2697a22406b14aa.jpg','ds_f31241f543c1781ae2697a22406b14aa.jpg','Ballonfish - Dania Erojack Reef\r\nFort Lauderdale, FL','2011-08-14 14:45:19'),(73,5,'MAR 17','jpg','7f494f5e816e1b66aa0fa5909da50eb1.jpg',1024,768,'tn_7f494f5e816e1b66aa0fa5909da50eb1.jpg','ds_7f494f5e816e1b66aa0fa5909da50eb1.jpg','Nurse Shark - Dania Erojack Reef\r\nFort Lauderdale, FL','2011-08-14 14:45:19'),(74,5,'MAR 17','jpg','5d63792242c32b89b4c8d4f5465f9795.jpg',1024,768,'tn_5d63792242c32b89b4c8d4f5465f9795.jpg','ds_5d63792242c32b89b4c8d4f5465f9795.jpg','Bermuda Chubs - Dania Erojack Reef\r\nFort Lauderdale, FL','2011-08-14 14:45:19'),(75,5,'MAR 17','jpg','256dee02cd39811d07b401f7585754a8.jpg',1024,768,'tn_256dee02cd39811d07b401f7585754a8.jpg','ds_256dee02cd39811d07b401f7585754a8.jpg','Horse Conch - Dania Erojack Reef\r\nFort Lauderdale, FL','2011-08-14 14:45:19'),(76,6,'APR 01','jpg','9eedf6bf0c569780a7c1960f45d495e6.jpg',1024,768,'tn_9eedf6bf0c569780a7c1960f45d495e6.jpg','ds_9eedf6bf0c569780a7c1960f45d495e6.jpg','Grouper \r\nDuck Key, FL','2011-08-14 14:45:19'),(77,6,'APR 01','jpg','b79d06522b6b7dd7abec6d5d1753bd2c.jpg',1024,768,'tn_b79d06522b6b7dd7abec6d5d1753bd2c.jpg','ds_b79d06522b6b7dd7abec6d5d1753bd2c.jpg','Goldentail Moray\r\nDuck Key, FL','2011-08-14 14:45:19'),(78,6,'APR 01','jpg','12a3cd387b74b7d80dcc7473828fa700.jpg',1024,768,'tn_12a3cd387b74b7d80dcc7473828fa700.jpg','ds_12a3cd387b74b7d80dcc7473828fa700.jpg','Southern Stingray\r\nDuck Key, FL','2011-08-14 14:45:19'),(79,6,'APR 01','jpg','41b468c17e34c6536789a883a8fb406a.jpg',1024,768,'tn_41b468c17e34c6536789a883a8fb406a.jpg','ds_41b468c17e34c6536789a883a8fb406a.jpg','Southern Stingray\r\nDuck Key, FL','2011-08-14 14:45:19'),(80,6,'APR 01','jpg','cff501a602ffd25723552685c8e0d5f2.jpg',1024,768,'tn_cff501a602ffd25723552685c8e0d5f2.jpg','ds_cff501a602ffd25723552685c8e0d5f2.jpg','Southern Stingray\r\nDuck Key, FL','2011-08-14 14:45:19'),(81,6,'APR 01','jpg','2c93a17b0aeed6134e8adb319fe2d4cb.jpg',1024,768,'tn_2c93a17b0aeed6134e8adb319fe2d4cb.jpg','ds_2c93a17b0aeed6134e8adb319fe2d4cb.jpg','Channel Crab\r\nDuck Key, FL','2011-08-14 14:45:19'),(82,6,'APR 01','jpg','80b08c36d41cf505d1c1c7eee9da54b9.jpg',1024,768,'tn_80b08c36d41cf505d1c1c7eee9da54b9.jpg','ds_80b08c36d41cf505d1c1c7eee9da54b9.jpg','Southern Stingray\r\nDuck Key, FL','2011-08-14 14:45:19'),(83,7,'MAY 09','jpg','2fe52076e417c302365685ea29fb662c.jpg',1024,768,'tn_2fe52076e417c302365685ea29fb662c.jpg','ds_2fe52076e417c302365685ea29fb662c.jpg','Duck Key, FL','2011-08-14 14:45:19'),(84,7,'MAY 09','jpg','0d416d989fe5201005f018b9ec4c4da5.jpg',1024,768,'tn_0d416d989fe5201005f018b9ec4c4da5.jpg','ds_0d416d989fe5201005f018b9ec4c4da5.jpg','Duck Key, FL','2011-08-14 14:45:19'),(85,7,'MAY 09','jpg','778e75db3f01ecf21d3e9728f0b09611.jpg',1024,768,'tn_778e75db3f01ecf21d3e9728f0b09611.jpg','ds_778e75db3f01ecf21d3e9728f0b09611.jpg','Spotted Moray Eel\r\nDuck Key, FL','2011-08-14 14:45:19'),(86,7,'MAY 09','jpg','cb075c367fb2cb7f5c286124d236d7d7.jpg',1024,768,'tn_cb075c367fb2cb7f5c286124d236d7d7.jpg','ds_cb075c367fb2cb7f5c286124d236d7d7.jpg','Duck Key, FL','2011-08-14 14:45:19'),(87,7,'MAY 09','jpg','6ba8481d80b8cb95eeaa93a1415a8963.jpg',1024,768,'tn_6ba8481d80b8cb95eeaa93a1415a8963.jpg','ds_6ba8481d80b8cb95eeaa93a1415a8963.jpg','Ballonfish\r\nDuck Key, FL','2011-08-14 14:45:19'),(88,7,'MAY 09','jpg','e25fd30a9cfabbb0beaee2eac4c7945e.jpg',1024,768,'tn_e25fd30a9cfabbb0beaee2eac4c7945e.jpg','ds_e25fd30a9cfabbb0beaee2eac4c7945e.jpg','Ballonfish\r\nDuck Key, FL','2011-08-14 14:45:19'),(89,7,'MAY 09','jpg','eada9957e8e86f614efe6fe8e58ced4b.jpg',1024,768,'tn_eada9957e8e86f614efe6fe8e58ced4b.jpg','ds_eada9957e8e86f614efe6fe8e58ced4b.jpg','Duck Key, FL','2011-08-14 14:45:19'),(90,7,'MAY 09','jpg','b54315ce0afbc7757fc54a91b6635003.jpg',1024,768,'tn_b54315ce0afbc7757fc54a91b6635003.jpg','ds_b54315ce0afbc7757fc54a91b6635003.jpg','Orange Filefish\r\nDuck Key, FL','2011-08-14 14:45:19'),(91,7,'MAY 09','jpg','dbc300a1d002165f3b7fadb6fec51473.jpg',1024,768,'tn_dbc300a1d002165f3b7fadb6fec51473.jpg','ds_dbc300a1d002165f3b7fadb6fec51473.jpg','Hogfish\r\nDuck Key, FL','2011-08-14 14:45:20'),(92,7,'MAY 09','jpg','b82e3029bd8416bc3c89a1287eb2c806.jpg',1024,768,'tn_b82e3029bd8416bc3c89a1287eb2c806.jpg','ds_b82e3029bd8416bc3c89a1287eb2c806.jpg','Duck Key, FL','2011-08-14 14:45:20'),(93,7,'MAY 09','jpg','2bf2642b9bcaa12df14821bd86a30649.jpg',1024,768,'tn_2bf2642b9bcaa12df14821bd86a30649.jpg','ds_2bf2642b9bcaa12df14821bd86a30649.jpg','Duck Key, FL','2011-08-14 14:45:20'),(94,7,'MAY 09','jpg','b9021010da01c352834bbd73a3a15408.jpg',1024,768,'tn_b9021010da01c352834bbd73a3a15408.jpg','ds_b9021010da01c352834bbd73a3a15408.jpg','Spotted Scorpion Fish\r\nDuck Key, FL','2011-08-14 14:45:20'),(95,7,'MAY 09','jpg','5166b1e6c6ac793ac447e0cd3b678767.jpg',1024,768,'tn_5166b1e6c6ac793ac447e0cd3b678767.jpg','ds_5166b1e6c6ac793ac447e0cd3b678767.jpg','Spotted Scorpion Fish\r\nDuck Key, FL','2011-08-14 14:45:20'),(96,7,'MAY 09','jpg','48d8d9fce1e52b1e2d531e8a3103c9f3.jpg',1024,768,'tn_48d8d9fce1e52b1e2d531e8a3103c9f3.jpg','ds_48d8d9fce1e52b1e2d531e8a3103c9f3.jpg','Spotted Scorpion Fish\r\nDuck Key, FL','2011-08-14 14:45:20'),(97,7,'MAY 09','jpg','e251110484031c830c37546b848ed54e.jpg',1024,768,'tn_e251110484031c830c37546b848ed54e.jpg','ds_e251110484031c830c37546b848ed54e.jpg','Southern Stingray\r\nDuck Key, FL','2011-08-14 14:45:20'),(98,7,'MAY 09','jpg','a5e333f9fa0c7002e8b1e3de391b7618.jpg',1024,768,'tn_a5e333f9fa0c7002e8b1e3de391b7618.jpg','ds_a5e333f9fa0c7002e8b1e3de391b7618.jpg','Spotted Trunkfish\r\nDuck Key, FL','2011-08-14 14:45:20'),(99,7,'MAY 09','jpg','e6ba59f8629ed41566faca4ddd8fb191.jpg',1024,768,'tn_e6ba59f8629ed41566faca4ddd8fb191.jpg','ds_e6ba59f8629ed41566faca4ddd8fb191.jpg','Duck Key, FL','2011-08-14 14:45:20'),(100,7,'MAY 18','jpg','066baf6e8380c70a9546210764c2e8cb.jpg',1024,768,'tn_066baf6e8380c70a9546210764c2e8cb.jpg','ds_066baf6e8380c70a9546210764c2e8cb.jpg','Bahia Honda, FL\r\nLooe Key','2011-08-14 14:45:20'),(101,7,'MAY 18','jpg','b33a7daef2eecc3daca69e26ce35fc72.jpg',1024,768,'tn_b33a7daef2eecc3daca69e26ce35fc72.jpg','ds_b33a7daef2eecc3daca69e26ce35fc72.jpg','Tarpon\r\nBahia Honda, FL\r\nLooe Key','2011-08-14 14:45:20'),(102,7,'MAY 18','jpg','75791d249ef1a029710543e7932c1ae9.jpg',1024,768,'tn_75791d249ef1a029710543e7932c1ae9.jpg','ds_75791d249ef1a029710543e7932c1ae9.jpg','Tarpon\r\nBahia Honda, FL\r\nLooe Key','2011-08-14 14:45:20'),(103,7,'MAY 18','jpg','28da7237c9af4a7acbbbe14416ac8066.jpg',1024,768,'tn_28da7237c9af4a7acbbbe14416ac8066.jpg','ds_28da7237c9af4a7acbbbe14416ac8066.jpg','Tarpon\r\nBahia Honda, FL\r\nLooe Key','2011-08-14 14:45:20'),(104,7,'MAY 18','jpg','587685bd505f9989f7f05dfa18f8c728.jpg',1024,768,'tn_587685bd505f9989f7f05dfa18f8c728.jpg','ds_587685bd505f9989f7f05dfa18f8c728.jpg','Rainbow Parrotfish\r\nBahia Honda, FL\r\nLooe Key','2011-08-14 14:45:20'),(105,7,'MAY 18','jpg','6417ebad76c75d6de83361b2f587759b.jpg',1024,768,'tn_6417ebad76c75d6de83361b2f587759b.jpg','ds_6417ebad76c75d6de83361b2f587759b.jpg','Rainbow Parrotfish\r\nBahia Honda, FL\r\nLooe Key','2011-08-14 14:45:20'),(106,7,'MAY 18','jpg','e0e11c59e62103e4801281503c227677.jpg',1024,768,'tn_e0e11c59e62103e4801281503c227677.jpg','ds_e0e11c59e62103e4801281503c227677.jpg','Rainbow Parrotfish\r\nBahia Honda, FL\r\nLooe Key','2011-08-14 14:45:20'),(107,7,'MAY 18','jpg','9f835db85d9606126973db6ae24ecd0f.jpg',1024,768,'tn_9f835db85d9606126973db6ae24ecd0f.jpg','ds_9f835db85d9606126973db6ae24ecd0f.jpg','Bahia Honda, FL\r\nLooe Key','2011-08-14 14:45:20'),(108,7,'MAY 18','jpg','d5f9aa5999fd0cd95992c6fa883bcef2.jpg',1024,768,'tn_d5f9aa5999fd0cd95992c6fa883bcef2.jpg','ds_d5f9aa5999fd0cd95992c6fa883bcef2.jpg','Bahia Honda, FL','2011-08-14 14:45:20'),(109,7,'MAY 18','jpg','51be997800b456f1af7a614dfec8e4b0.jpg',1024,768,'tn_51be997800b456f1af7a614dfec8e4b0.jpg','ds_51be997800b456f1af7a614dfec8e4b0.jpg','Bahia Honda, FL','2011-08-14 14:45:20'),(110,7,'MAY 19','jpg','0ba71478d9692e282346701e21f46ffa.jpg',1024,768,'tn_0ba71478d9692e282346701e21f46ffa.jpg','ds_0ba71478d9692e282346701e21f46ffa.jpg','Channel Crab\r\nKey Largo, FL','2011-08-14 14:45:20'),(111,7,'MAY 19','jpg','d2ebb4f481519a82d19e8022b80bd5bc.jpg',1024,768,'tn_d2ebb4f481519a82d19e8022b80bd5bc.jpg','ds_d2ebb4f481519a82d19e8022b80bd5bc.jpg','Loggerhead Turtle\r\nKey Largo, FL','2011-08-14 14:45:20'),(112,8,'MAR 01','jpg','bf4caa88039fcb3bdd6b53d974207be8.jpg',1024,768,'tn_bf4caa88039fcb3bdd6b53d974207be8.jpg','ds_bf4caa88039fcb3bdd6b53d974207be8.jpg','Fort Lauderdale, FL','2011-08-14 14:45:20'),(113,8,'MAR 01','jpg','6a23889449b565f5002c5151d526427e.jpg',1024,768,'tn_6a23889449b565f5002c5151d526427e.jpg','ds_6a23889449b565f5002c5151d526427e.jpg','Fort Lauderdale, FL','2011-08-14 14:45:20'),(114,8,'MAR 01','jpg','827ff4b4911831fddaf957ac0a535562.jpg',1024,768,'tn_827ff4b4911831fddaf957ac0a535562.jpg','ds_827ff4b4911831fddaf957ac0a535562.jpg','Fort Lauderdale, FL','2011-08-14 14:45:20'),(115,8,'MAR 01','jpg','526834c2639f4d5518a64307ce9f6b38.jpg',1024,768,'tn_526834c2639f4d5518a64307ce9f6b38.jpg','ds_526834c2639f4d5518a64307ce9f6b38.jpg','Fort Lauderdale, FL','2011-08-14 14:45:20'),(116,8,'MAR 01','jpg','034dff6075ba584b63b0f86069339350.jpg',1024,768,'tn_034dff6075ba584b63b0f86069339350.jpg','ds_034dff6075ba584b63b0f86069339350.jpg','Honeycomb Cowfish\r\nFort Lauderdale, FL','2011-08-14 14:45:20'),(117,8,'MAR 01','jpg','85a50d0291a2afbff20cd31427fac8aa.jpg',1024,768,'tn_85a50d0291a2afbff20cd31427fac8aa.jpg','ds_85a50d0291a2afbff20cd31427fac8aa.jpg','Honeycomb Cowfish\r\nFort Lauderdale, FL','2011-08-14 14:45:20'),(118,8,'MAR 01','jpg','86574704383643a91b992c2d9ec95d4a.jpg',1024,768,'tn_86574704383643a91b992c2d9ec95d4a.jpg','ds_86574704383643a91b992c2d9ec95d4a.jpg','Balloonfish\r\nFort Lauderdale, FL','2011-08-14 14:45:20'),(119,8,'MAR 17','jpg','7c688a9e42b3d5bf98243d70fe6aa0d9.jpg',1024,768,'tn_7c688a9e42b3d5bf98243d70fe6aa0d9.jpg','ds_7c688a9e42b3d5bf98243d70fe6aa0d9.jpg','Bermuda Chubs under the boat.\r\nFort Lauderdale, FL','2011-08-14 14:45:20'),(120,8,'MAR 17','jpg','303cd7debab50e246be27f8457e5a425.jpg',1024,768,'tn_303cd7debab50e246be27f8457e5a425.jpg','ds_303cd7debab50e246be27f8457e5a425.jpg','Bermuda Chubs under the boat.\r\nFort Lauderdale, FL','2011-08-14 14:45:20'),(121,8,'MAR 17','jpg','8d92f7bbdde6990780d0fd0db8b7520e.jpg',1024,768,'tn_8d92f7bbdde6990780d0fd0db8b7520e.jpg','ds_8d92f7bbdde6990780d0fd0db8b7520e.jpg','Lost something?\r\nFort Lauderdale, FL','2011-08-14 14:45:20'),(122,8,'MAR 17','jpg','164215b445c7f2fcc601a2c466c435fc.jpg',1024,768,'tn_164215b445c7f2fcc601a2c466c435fc.jpg','ds_164215b445c7f2fcc601a2c466c435fc.jpg','The vessel Sea Experience.\r\nFort Lauderdale, FL','2011-08-14 14:45:20'),(123,9,'JUN 15','jpg','9e250bec27e2bbc53b44a53d0d6a417e.jpg',1024,768,'tn_9e250bec27e2bbc53b44a53d0d6a417e.jpg','ds_9e250bec27e2bbc53b44a53d0d6a417e.jpg','Fort Lauderdale, FL','2011-08-14 14:45:20'),(124,9,'JUN 15','jpg','c877923f3dcafd356190370b14fef078.jpg',1024,768,'tn_c877923f3dcafd356190370b14fef078.jpg','ds_c877923f3dcafd356190370b14fef078.jpg','Fort Lauderdale, FL','2011-08-14 14:45:20'),(125,9,'JUN 15','jpg','2adb6b9f1b3746480ebcc60262624268.jpg',1024,768,'tn_2adb6b9f1b3746480ebcc60262624268.jpg','ds_2adb6b9f1b3746480ebcc60262624268.jpg','Fort Lauderdale, FL','2011-08-14 14:45:20'),(126,9,'JUN 15','jpg','dd47905fe7b0965a70686fd97904265f.jpg',1024,768,'tn_dd47905fe7b0965a70686fd97904265f.jpg','ds_dd47905fe7b0965a70686fd97904265f.jpg','Queen Triggerfish\r\nFort Lauderdale, FL','2011-08-14 14:45:20'),(127,9,'JUN 15','jpg','9b4fc464ff3f4140d1576dae03c87cdb.jpg',1024,768,'tn_9b4fc464ff3f4140d1576dae03c87cdb.jpg','ds_9b4fc464ff3f4140d1576dae03c87cdb.jpg','Queen Triggerfish\r\nFort Lauderdale, FL','2011-08-14 14:45:20'),(128,9,'JUN 15','jpg','1528445b8ce7a0b5bcc1a64ad66a137d.jpg',1200,900,'tn_1528445b8ce7a0b5bcc1a64ad66a137d.jpg','ds_1528445b8ce7a0b5bcc1a64ad66a137d.jpg','Spiny Lobster\r\nFort Lauderdale, FL','2011-08-14 14:45:20'),(129,9,'JUN 15','jpg','cd461bc1d7e67482f3a7df3362aedbb7.jpg',1024,768,'tn_cd461bc1d7e67482f3a7df3362aedbb7.jpg','ds_cd461bc1d7e67482f3a7df3362aedbb7.jpg','Atlantic Spadefish\r\nFort Lauderdale, FL','2011-08-14 14:45:20'),(130,9,'JUN 15','jpg','288b7de4c0517bdc5f3b747329d9da36.jpg',1024,768,'tn_288b7de4c0517bdc5f3b747329d9da36.jpg','ds_288b7de4c0517bdc5f3b747329d9da36.jpg','Parrotfish\r\nFort Lauderdale, FL','2011-08-14 14:45:20'),(132,11,'JUL 22','jpg','52eed192d6d30d058d3496c1b658f43c.jpg',1024,768,'tn_52eed192d6d30d058d3496c1b658f43c.jpg','ds_52eed192d6d30d058d3496c1b658f43c.jpg','Juvenile Trunkfish\r\nDuck Key, Florida','2011-08-14 14:45:20'),(133,11,'JUL 22','jpg','67ac27515aca263e7f6ad9e5757224da.jpg',1024,768,'tn_67ac27515aca263e7f6ad9e5757224da.jpg','ds_67ac27515aca263e7f6ad9e5757224da.jpg','Juvenile Trunkfish\r\nDuck Key, Florida','2011-08-14 14:45:20'),(134,11,'JUL 22','jpg','06da7525d5fb7e2ed2af2b1c59c63f4b.jpg',1024,768,'tn_06da7525d5fb7e2ed2af2b1c59c63f4b.jpg','ds_06da7525d5fb7e2ed2af2b1c59c63f4b.jpg','Duck Key, Florida','2011-08-14 14:45:20'),(135,11,'JUL 22','jpg','ff00000ab1cd45686dff07679b7f6e6d.jpg',1024,768,'tn_ff00000ab1cd45686dff07679b7f6e6d.jpg','ds_ff00000ab1cd45686dff07679b7f6e6d.jpg','Duck Key, Florida','2011-08-14 14:45:21'),(136,11,'JUL 22','jpg','653a75c7c8b8e7e745efa90648213271.jpg',1024,768,'tn_653a75c7c8b8e7e745efa90648213271.jpg','ds_653a75c7c8b8e7e745efa90648213271.jpg','Channel Crab\r\nDuck Key, Florida','2011-08-14 14:45:21'),(137,11,'JUL 22','jpg','0be74f92b1c68ced713b1654eeab91f4.jpg',1024,768,'tn_0be74f92b1c68ced713b1654eeab91f4.jpg','ds_0be74f92b1c68ced713b1654eeab91f4.jpg','Channel Crab\r\nDuck Key, Florida','2011-08-14 14:45:21'),(138,11,'JUL 22','jpg','28fc8476099cceebd4623a38409461a4.jpg',1024,768,'tn_28fc8476099cceebd4623a38409461a4.jpg','ds_28fc8476099cceebd4623a38409461a4.jpg','Feather Duster\r\nDuck Key, Florida','2011-08-14 14:45:21'),(139,11,'JUL 22','jpg','93b5c02b8e5d89255f943c186434b566.jpg',1024,768,'tn_93b5c02b8e5d89255f943c186434b566.jpg','ds_93b5c02b8e5d89255f943c186434b566.jpg','Spiny Lobsters\r\nDuck Key, Florida','2011-08-14 14:45:21'),(140,11,'JUL 22','jpg','53e3e38d1bb41d3b05c64656ae2b9406.jpg',1024,768,'tn_53e3e38d1bb41d3b05c64656ae2b9406.jpg','ds_53e3e38d1bb41d3b05c64656ae2b9406.jpg','Balloonfish\r\nDuck Key, Florida','2011-08-14 14:45:21'),(141,11,'JUL 22','jpg','5f5f19c96700aa42bbb6340bbbb05c69.jpg',1024,768,'tn_5f5f19c96700aa42bbb6340bbbb05c69.jpg','ds_5f5f19c96700aa42bbb6340bbbb05c69.jpg','Milk Conch\r\nDuck Key, Florida','2011-08-14 14:45:21'),(142,11,'JUL 22','jpg','39afd608f3026b7c0e6d7eef399631c9.jpg',1024,768,'tn_39afd608f3026b7c0e6d7eef399631c9.jpg','ds_39afd608f3026b7c0e6d7eef399631c9.jpg','Lionfish\r\nDuck Key, Florida','2011-08-14 14:45:21'),(143,11,'JUL 22','jpg','f89deb006f5f9831098b8e7125f85fbe.jpg',1024,768,'tn_f89deb006f5f9831098b8e7125f85fbe.jpg','ds_f89deb006f5f9831098b8e7125f85fbe.jpg','Arrowcrab\r\nDuck Key, Florida','2011-08-14 14:45:21'),(144,12,'AUG 04','jpg','b455054e5380ac0788f3948f88ab0de3.jpg',1200,900,'tn_b455054e5380ac0788f3948f88ab0de3.jpg','ds_b455054e5380ac0788f3948f88ab0de3.jpg','Hammerhead Reef\r\nFort Lauderdale, Florida','2011-08-14 14:45:21'),(145,12,'AUG 04','jpg','3cf8504efd7d5e447d972ee69312a0e4.jpg',1200,900,'tn_3cf8504efd7d5e447d972ee69312a0e4.jpg','ds_3cf8504efd7d5e447d972ee69312a0e4.jpg','Barracuda\r\nHammerhead Reef\r\nFort Lauderdale, Florida','2011-08-14 14:45:21'),(146,12,'AUG 04','jpg','355799808f231214cb8ef3c080fbf878.jpg',1200,900,'tn_355799808f231214cb8ef3c080fbf878.jpg','ds_355799808f231214cb8ef3c080fbf878.jpg','Barrel Sponge\r\nHammerhead Reef\r\nFort Lauderdale, Florida','2011-08-14 14:45:21'),(147,12,'AUG 04','jpg','9704e268c9da1bafa34e92ef4d7f11f7.jpg',1200,900,'tn_9704e268c9da1bafa34e92ef4d7f11f7.jpg','ds_9704e268c9da1bafa34e92ef4d7f11f7.jpg','Filefish\r\nHammerhead Reef\r\nFort Lauderdale, Florida','2011-08-14 14:45:21'),(148,12,'AUG 04','jpg','d7ec6b0f91caf4d7a9e3591df2f1afb1.jpg',1200,900,'tn_d7ec6b0f91caf4d7a9e3591df2f1afb1.jpg','ds_d7ec6b0f91caf4d7a9e3591df2f1afb1.jpg','Barracuda\r\nHammerhead Reef\r\nFort Lauderdale, Florida','2011-08-14 14:45:21'),(149,12,'AUG 05','jpg','0945d867bfb3e31254dbdafef0cf563c.jpg',0,0,'tn_0945d867bfb3e31254dbdafef0cf563c.jpg','ds_0945d867bfb3e31254dbdafef0cf563c.jpg','Burdines\r\nMarathon, Florida','2011-08-14 18:41:06'),(150,12,'AUG 05','jpg','a7fc6b3ae4f1d46222a8046eaf889d0c.jpg',0,0,'tn_a7fc6b3ae4f1d46222a8046eaf889d0c.jpg','ds_a7fc6b3ae4f1d46222a8046eaf889d0c.jpg','Burdines\r\nMarathon, Florida','2011-08-14 18:41:20'),(151,12,'AUG 12','jpg','57112fe182a355987b8e2eae7a2f76a8.jpg',1200,900,'tn_57112fe182a355987b8e2eae7a2f76a8.jpg','ds_57112fe182a355987b8e2eae7a2f76a8.jpg','Fort Lauderdale, Florida','2011-08-14 18:22:26'),(152,12,'AUG 12','jpg','4f2404031233f6ed1243c9da12b38e6f.jpg',1200,900,'tn_4f2404031233f6ed1243c9da12b38e6f.jpg','ds_4f2404031233f6ed1243c9da12b38e6f.jpg','Yellow Stingray (baby)\r\nFort Lauderdale, Florida','2011-08-14 18:22:27'),(153,12,'AUG 12','jpg','70e8ed54be4d52f7cd88421914b88887.jpg',1200,900,'tn_70e8ed54be4d52f7cd88421914b88887.jpg','ds_70e8ed54be4d52f7cd88421914b88887.jpg','Yellow Stingray (baby)\r\nFort Lauderdale, Florida','2011-08-14 18:22:28'),(154,12,'AUG 12','jpg','e674a9b0db9e343fde2d38483dceb15f.jpg',1200,900,'tn_e674a9b0db9e343fde2d38483dceb15f.jpg','ds_e674a9b0db9e343fde2d38483dceb15f.jpg','Staghorn Coral\r\nFort Lauderdale, Florida','2011-08-14 18:24:41'),(155,12,'AUG 12','jpg','9c756b4c48b5533ae19c7f4f24a0aec1.jpg',1200,900,'tn_9c756b4c48b5533ae19c7f4f24a0aec1.jpg','ds_9c756b4c48b5533ae19c7f4f24a0aec1.jpg','Staghorn Coral\r\nFort Lauderdale, Florida','2011-08-14 18:24:42'),(156,12,'AUG 12','jpg','679d6c5448e1239b13d59fb7be7c0cee.jpg',1200,900,'tn_679d6c5448e1239b13d59fb7be7c0cee.jpg','ds_679d6c5448e1239b13d59fb7be7c0cee.jpg','Staghorn Coral\r\nFort Lauderdale, Florida','2011-08-14 18:24:42'),(157,12,'AUG 12','jpg','8b71f81b1aced413c61d4a025925b0de.jpg',1200,900,'tn_8b71f81b1aced413c61d4a025925b0de.jpg','ds_8b71f81b1aced413c61d4a025925b0de.jpg','Nurse Shark\r\nFort Lauderdale, Florida','2011-08-14 18:24:43'),(158,12,'AUG 12','jpg','4b1c0af5db2a958124f04cbc1c690ce4.jpg',1200,900,'tn_4b1c0af5db2a958124f04cbc1c690ce4.jpg','ds_4b1c0af5db2a958124f04cbc1c690ce4.jpg','Fort Lauderdale, Florida','2011-08-14 18:24:44'),(159,12,'AUG 12','jpg','c862e3b65b285de4d26304cd079ab988.jpg',1200,900,'tn_c862e3b65b285de4d26304cd079ab988.jpg','ds_c862e3b65b285de4d26304cd079ab988.jpg','Fort Lauderdale, Florida','2011-08-14 18:32:05'),(160,12,'AUG 12','jpg','9e26c2a2a58a2e411e4b5ad712eaf153.jpg',1200,900,'tn_9e26c2a2a58a2e411e4b5ad712eaf153.jpg','ds_9e26c2a2a58a2e411e4b5ad712eaf153.jpg','True Tulip\r\nFort Lauderdale, Florida','2011-08-14 18:32:05'),(161,12,'AUG 12','jpg','873ae4bbc7b5b1a4634b7629fd18d91b.jpg',1200,900,'tn_873ae4bbc7b5b1a4634b7629fd18d91b.jpg','ds_873ae4bbc7b5b1a4634b7629fd18d91b.jpg','Long-Spined Urchin (Diadema)\r\nFort Lauderdale, Florida','2011-08-14 18:32:06'),(162,12,'AUG 12','jpg','28983f0f88dc31efe8e6c43e95870159.jpg',1200,900,'tn_28983f0f88dc31efe8e6c43e95870159.jpg','ds_28983f0f88dc31efe8e6c43e95870159.jpg','Christmas Tree Worms\r\nFort Lauderdale, Florida','2011-08-14 18:32:07'),(163,12,'AUG 12','jpg','e4c4b0b04a461eaabd1596b1a3e0761b.jpg',1200,900,'tn_e4c4b0b04a461eaabd1596b1a3e0761b.jpg','ds_e4c4b0b04a461eaabd1596b1a3e0761b.jpg','Townsend Angelfish\r\nFort Lauderdale, Florida','2011-08-14 18:32:07'),(164,12,'AUG 12','jpg','260371168affa25a0ae69af48b718f16.jpg',1200,900,'tn_260371168affa25a0ae69af48b718f16.jpg','ds_260371168affa25a0ae69af48b718f16.jpg','French Angelfish\r\nFort Lauderdale, Florida','2011-08-14 18:34:59'),(165,12,'AUG 12','jpg','a216f249bafed2bda7f4b9492af52082.jpg',1200,900,'tn_a216f249bafed2bda7f4b9492af52082.jpg','ds_a216f249bafed2bda7f4b9492af52082.jpg','French Angelfish\r\nFort Lauderdale, Florida','2011-08-14 18:35:00'),(166,12,'AUG 12','jpg','5f39067846154bb572b6fe752027f847.jpg',1200,900,'tn_5f39067846154bb572b6fe752027f847.jpg','ds_5f39067846154bb572b6fe752027f847.jpg','Flamingo Tounges\r\nFort Lauderdale, Florida','2011-08-14 18:35:01'),(167,12,'AUG 12','jpg','9018fec97671977b2e46d742ceefaca2.jpg',1200,900,'tn_9018fec97671977b2e46d742ceefaca2.jpg','ds_9018fec97671977b2e46d742ceefaca2.jpg','Green Razorfish\r\nFort Lauderdale, Florida','2011-08-14 18:35:01'),(168,12,'AUG 12','jpg','6770031f2678de51405953772711aeb5.jpg',1200,900,'tn_6770031f2678de51405953772711aeb5.jpg','ds_6770031f2678de51405953772711aeb5.jpg','Green Razorfish\r\nFort Lauderdale, Florida','2011-08-14 18:35:02'),(169,12,'AUG 12','jpg','362c7926704829c024910f6658116ded.jpg',1200,900,'tn_362c7926704829c024910f6658116ded.jpg','ds_362c7926704829c024910f6658116ded.jpg','Sharpnose Pufferfish\r\nFort Lauderdale, Florida','2011-08-14 18:36:45'),(170,12,'AUG 12','jpg','748f6161302dc844e6fa9d51ef7cad9b.jpg',1200,900,'tn_748f6161302dc844e6fa9d51ef7cad9b.jpg','ds_748f6161302dc844e6fa9d51ef7cad9b.jpg','Sharpnose Pufferfish\r\nFort Lauderdale, Florida','2011-08-14 18:36:46'),(171,12,'AUG 12','jpg','b2a5a73379250cf0ec9ecaaeb66fb491.jpg',1200,900,'tn_b2a5a73379250cf0ec9ecaaeb66fb491.jpg','ds_b2a5a73379250cf0ec9ecaaeb66fb491.jpg','Scamp\r\nFort Lauderdale, Florida','2011-08-14 18:36:47'),(172,12,'AUG 12','jpg','2556400753b84d26445fa6827c491892.jpg',1200,900,'tn_2556400753b84d26445fa6827c491892.jpg','ds_2556400753b84d26445fa6827c491892.jpg','Spanish Grunt\r\nFort Lauderdale, Florida','2011-08-14 18:36:47'),(180,12,'AUG 13','jpg','13d47c77a7e1f3ea26478a043486d0a3.jpg',1200,900,'tn_13d47c77a7e1f3ea26478a043486d0a3.jpg','ds_13d47c77a7e1f3ea26478a043486d0a3.jpg','Home\r\nMarathon, Florida','2011-08-14 18:40:27'),(177,12,'AUG 13','jpg','87830ad990efbfb110bcaba83c19b8d7.jpg',1200,900,'tn_87830ad990efbfb110bcaba83c19b8d7.jpg','ds_87830ad990efbfb110bcaba83c19b8d7.jpg','Home\r\nMarathon, Florida','2011-08-14 18:40:26'),(178,12,'AUG 13','jpg','63daadbd55cd8c22c9b22770a30c272e.jpg',1200,900,'tn_63daadbd55cd8c22c9b22770a30c272e.jpg','ds_63daadbd55cd8c22c9b22770a30c272e.jpg','Home\r\nMarathon, Florida','2011-08-14 18:40:26'),(179,12,'AUG 13','jpg','183bf1dd2da01e091e38fca1f450e688.jpg',1200,900,'tn_183bf1dd2da01e091e38fca1f450e688.jpg','ds_183bf1dd2da01e091e38fca1f450e688.jpg','Home\r\nMarathon, Florida','2011-08-14 18:40:27'),(181,12,'AUG 11','jpg','c0952c5ca2e4c481c15c9dec90d12abe.jpg',0,0,'tn_c0952c5ca2e4c481c15c9dec90d12abe.jpg','ds_c0952c5ca2e4c481c15c9dec90d12abe.jpg','Honeycomb Cowfish\r\nFort Lauderdale, Florida','2011-08-14 18:57:34'),(182,12,'AUG 11','jpg','577ea36b88ddefb979aaa57ad503269c.jpg',0,0,'tn_577ea36b88ddefb979aaa57ad503269c.jpg','ds_577ea36b88ddefb979aaa57ad503269c.jpg','Green Sea Turtle\r\nFort Lauderdale, Florida','2011-08-14 18:57:45'),(183,12,'AUG 11','jpg','24f2a6ff4ed5a6ff295d220ae6f55fb2.jpg',0,0,'tn_24f2a6ff4ed5a6ff295d220ae6f55fb2.jpg','ds_24f2a6ff4ed5a6ff295d220ae6f55fb2.jpg','Green Sea Turtle\r\nFort Lauderdale, Florida','2011-08-14 18:57:55'),(184,12,'AUG 11','jpg','18b0afe63209a1b2aae31e27e582ea2b.jpg',0,0,'tn_18b0afe63209a1b2aae31e27e582ea2b.jpg','ds_18b0afe63209a1b2aae31e27e582ea2b.jpg','Bow of the Merci Jesus\r\nFort Lauderdale, Florida','2011-08-14 18:58:09'),(185,12,'AUG 11','jpg','27966f3d25f88011a73674934e311451.jpg',0,0,'tn_27966f3d25f88011a73674934e311451.jpg','ds_27966f3d25f88011a73674934e311451.jpg','Queen Conch\r\nFort Lauderdale, Florida','2011-08-14 18:58:25'),(186,12,'AUG 11','jpg','99c5c3f3139be4cb0dc2cb74dd8e0b52.jpg',0,0,'tn_99c5c3f3139be4cb0dc2cb74dd8e0b52.jpg','ds_99c5c3f3139be4cb0dc2cb74dd8e0b52.jpg','Scorpionfish\r\nFort Lauderdale, Florida','2011-08-14 18:58:34'),(187,12,'AUG 11','jpg','0b994803bcb273b06e3a5998941e1a81.jpg',0,0,'tn_0b994803bcb273b06e3a5998941e1a81.jpg','ds_0b994803bcb273b06e3a5998941e1a81.jpg','Barrel Sponges\r\nFort Lauderdale, Florida','2011-08-14 18:58:44'),(188,12,'AUG 11','jpg','40817535f052cf3cf45117e5dbc8464f.jpg',0,0,'tn_40817535f052cf3cf45117e5dbc8464f.jpg','ds_40817535f052cf3cf45117e5dbc8464f.jpg','Barrel Sponge\r\nFort Lauderdale, Florida','2011-08-14 18:58:59'),(189,12,'AUG 11','jpg','6b468f19b5c0f4546698d1fe3ffe46f0.jpg',0,0,'tn_6b468f19b5c0f4546698d1fe3ffe46f0.jpg','ds_6b468f19b5c0f4546698d1fe3ffe46f0.jpg','Dinner?\r\nFort Lauderdale, Florida','2011-08-14 18:59:08'),(190,12,'AUG 12','jpg','132110925e942e1e8998366481cef781.jpg',0,0,'tn_132110925e942e1e8998366481cef781.jpg','ds_132110925e942e1e8998366481cef781.jpg','Staghorn Coral\r\nFort Lauderdale, Florida','2011-08-14 18:59:36'),(191,12,'AUG 12','jpg','35a28c43c962be789e6b466e6199a8a4.jpg',0,0,'tn_35a28c43c962be789e6b466e6199a8a4.jpg','ds_35a28c43c962be789e6b466e6199a8a4.jpg','Staghorn Coral\r\nFort Lauderdale, Florida','2011-08-14 18:59:45'),(192,12,'AUG 12','jpg','b1c241b15ecf92fba784b2cc30765e37.jpg',0,0,'tn_b1c241b15ecf92fba784b2cc30765e37.jpg','ds_b1c241b15ecf92fba784b2cc30765e37.jpg','Staghorn Coral\r\nFort Lauderdale, Florida','2011-08-14 18:59:55'),(193,12,'AUG 12','jpg','a49bf2c62b44bcbd99d80cf43ece4a0e.jpg',0,0,'tn_a49bf2c62b44bcbd99d80cf43ece4a0e.jpg','ds_a49bf2c62b44bcbd99d80cf43ece4a0e.jpg','True Tulip\r\nFort Lauderdale, Florida','2011-08-14 19:00:05'),(194,12,'AUG 12','jpg','e95ded77ef472b9ef07014980a5f4686.jpg',0,0,'tn_e95ded77ef472b9ef07014980a5f4686.jpg','ds_e95ded77ef472b9ef07014980a5f4686.jpg','French Angelfish (Intermediate)\r\nFort Lauderdale, Florida','2011-08-14 19:00:25'),(195,12,'AUG 12','jpg','8083e606713acc46f6a5f2802f7dd20d.jpg',0,0,'tn_8083e606713acc46f6a5f2802f7dd20d.jpg','ds_8083e606713acc46f6a5f2802f7dd20d.jpg','Yellow Stingray (baby)\r\nFort Lauderdale, Florida','2011-08-14 19:00:35'),(196,12,'AUG 12','jpg','79b3a174aa01f693df91cc44b4b8fb5f.jpg',0,0,'tn_79b3a174aa01f693df91cc44b4b8fb5f.jpg','ds_79b3a174aa01f693df91cc44b4b8fb5f.jpg','Brother-in-Law Fish\r\nFort Lauderdale, Florida','2011-08-14 19:00:56'),(197,12,'AUG 12','jpg','564b33a4e3f873c9245e2ca2a213f077.jpg',0,0,'tn_564b33a4e3f873c9245e2ca2a213f077.jpg','ds_564b33a4e3f873c9245e2ca2a213f077.jpg','Queen Conch\r\nFort Lauderdale, Florida','2011-08-14 19:01:06'),(198,12,'AUG 12','jpg','64726e1fae821eaa15786944c6b454de.jpg',0,0,'tn_64726e1fae821eaa15786944c6b454de.jpg','ds_64726e1fae821eaa15786944c6b454de.jpg','French Angelfish\r\nFort Lauderdale, Florida','2011-08-14 19:01:18'),(199,12,'AUG 12','jpg','b234ddd4f4db7fb45573e40021b72c73.jpg',0,0,'tn_b234ddd4f4db7fb45573e40021b72c73.jpg','ds_b234ddd4f4db7fb45573e40021b72c73.jpg','French Angelfish\r\nFort Lauderdale, Florida','2011-08-14 19:01:28'),(200,12,'AUG 12','jpg','886be921bb8a0d49c77b92058376f622.jpg',0,0,'tn_886be921bb8a0d49c77b92058376f622.jpg','ds_886be921bb8a0d49c77b92058376f622.jpg','Dirty Underwear Fish (XXXL)\r\nFort Lauderdale, Florida','2011-08-14 19:01:37'),(201,13,'OCT 12','jpg','0eb68a39f957923cb06cf19f04ef3e17.jpg',1024,768,'tn_0eb68a39f957923cb06cf19f04ef3e17.jpg','ds_0eb68a39f957923cb06cf19f04ef3e17.jpg','Devils Den - Williston, Florida','2011-10-17 11:29:15'),(202,13,'OCT 12','jpg','a444064b6faa0099d850572064197625.jpg',1024,768,'tn_a444064b6faa0099d850572064197625.jpg','ds_a444064b6faa0099d850572064197625.jpg','Devils Den - Williston, Florida','2011-10-17 11:29:16'),(203,13,'OCT 12','jpg','0bef73ad7767a0af8bb0f1719995630b.jpg',1024,768,'tn_0bef73ad7767a0af8bb0f1719995630b.jpg','ds_0bef73ad7767a0af8bb0f1719995630b.jpg','Devils Den - Williston, Florida','2011-10-17 11:29:16'),(204,13,'OCT 12','jpg','f7889b0289df9619a26652ef9f3291f3.jpg',1024,768,'tn_f7889b0289df9619a26652ef9f3291f3.jpg','ds_f7889b0289df9619a26652ef9f3291f3.jpg','Devils Den - Williston, Florida','2011-10-17 11:29:17'),(205,13,'OCT 12','jpg','3d33c46e9d6cd9113b2cbf84fe9ccd10.jpg',1024,768,'tn_3d33c46e9d6cd9113b2cbf84fe9ccd10.jpg','ds_3d33c46e9d6cd9113b2cbf84fe9ccd10.jpg','Devils Den - Williston, Florida','2011-10-17 11:29:17'),(206,13,'OCT 12','jpg','066552b394075806bce2d44568236a29.jpg',1024,768,'tn_066552b394075806bce2d44568236a29.jpg','ds_066552b394075806bce2d44568236a29.jpg','Devils Den - Williston, Florida','2011-10-17 11:33:51'),(207,13,'OCT 12','jpg','ebb8110dbceeed8cde7101ccf7221541.jpg',1024,768,'tn_ebb8110dbceeed8cde7101ccf7221541.jpg','ds_ebb8110dbceeed8cde7101ccf7221541.jpg','Devils Den - Williston, Florida','2011-10-17 11:33:52'),(208,13,'OCT 12','jpg','6ba570d13edbc27d86d837a70098c7ac.jpg',1024,768,'tn_6ba570d13edbc27d86d837a70098c7ac.jpg','ds_6ba570d13edbc27d86d837a70098c7ac.jpg','Devils Den - Williston, Florida','2011-10-17 11:33:52'),(209,13,'OCT 12','jpg','f9ce0544f2bee896660c2d3a0db93a96.jpg',1024,768,'tn_f9ce0544f2bee896660c2d3a0db93a96.jpg','ds_f9ce0544f2bee896660c2d3a0db93a96.jpg','Devils Den - Williston, Florida','2011-10-17 11:33:53'),(210,13,'OCT 12','jpg','975c5aeb7284071147472ddf0c25b332.jpg',1024,768,'tn_975c5aeb7284071147472ddf0c25b332.jpg','ds_975c5aeb7284071147472ddf0c25b332.jpg','Devils Den - Williston, Florida','2011-10-17 11:33:53'),(211,13,'OCT 12','jpg','ae21697deb2f8c5f0c09e1ce644fa32d.jpg',1024,768,'tn_ae21697deb2f8c5f0c09e1ce644fa32d.jpg','ds_ae21697deb2f8c5f0c09e1ce644fa32d.jpg','Devils Den - Williston, Florida','2011-10-17 11:34:59'),(212,14,'Easy Goin','jpg','5002c033883ff019c420bb4643c7a173.jpg',1024,768,'tn_5002c033883ff019c420bb4643c7a173.jpg','ds_5002c033883ff019c420bb4643c7a173.jpg','','2011-10-27 03:48:35'),(213,14,'Easy Goin','jpg','953e6900e8645293e0b4cf104c0540ac.jpg',1024,768,'tn_953e6900e8645293e0b4cf104c0540ac.jpg','ds_953e6900e8645293e0b4cf104c0540ac.jpg','','2011-10-27 03:48:35'),(214,14,'Easy Goin','jpg','d96942fe04c6b65219d8594f22dc463a.jpg',1024,768,'tn_d96942fe04c6b65219d8594f22dc463a.jpg','ds_d96942fe04c6b65219d8594f22dc463a.jpg','','2011-10-27 03:48:36'),(215,14,'Easy Goin','jpg','96320bc8a59945d05b2b07d318cd979b.jpg',1200,900,'tn_96320bc8a59945d05b2b07d318cd979b.jpg','ds_96320bc8a59945d05b2b07d318cd979b.jpg','','2011-10-27 03:48:37'),(216,14,'Easy Goin','jpg','e635d456892642aab7409c341ed678fc.jpg',1025,768,'tn_e635d456892642aab7409c341ed678fc.jpg','ds_e635d456892642aab7409c341ed678fc.jpg','','2011-10-27 03:48:38'),(217,15,'Sea Time','jpg','11dd29de1cfd373ffcc6fda04739ccec.jpg',1024,768,'tn_11dd29de1cfd373ffcc6fda04739ccec.jpg','ds_11dd29de1cfd373ffcc6fda04739ccec.jpg','','2011-10-27 04:05:37'),(218,15,'Sea Time','jpg','7aaaa7dac281e736f3f349b4554ad1fb.jpg',1200,900,'tn_7aaaa7dac281e736f3f349b4554ad1fb.jpg','ds_7aaaa7dac281e736f3f349b4554ad1fb.jpg','','2011-10-27 04:05:37'),(219,15,'Sea Time','jpg','073b8c0c0835db2f33c2aed3658e591d.jpg',1200,900,'tn_073b8c0c0835db2f33c2aed3658e591d.jpg','ds_073b8c0c0835db2f33c2aed3658e591d.jpg','','2011-10-27 04:05:38'),(220,15,'Sea Time','jpg','1666fd105836b06c011daf07c0654c13.jpg',1200,900,'tn_1666fd105836b06c011daf07c0654c13.jpg','ds_1666fd105836b06c011daf07c0654c13.jpg','','2011-10-27 04:05:38'),(221,16,'Yellow','jpg','affaa6e86075391ee42780f91ee88f3a.jpg',1024,768,'tn_affaa6e86075391ee42780f91ee88f3a.jpg','ds_affaa6e86075391ee42780f91ee88f3a.jpg','','2011-10-30 17:48:18'),(222,16,'New Mexico 2010','jpg','b558368b5cda54cea48644f77e57570d.jpg',1200,900,'tn_b558368b5cda54cea48644f77e57570d.jpg','ds_b558368b5cda54cea48644f77e57570d.jpg','','2011-10-30 17:48:18'),(223,16,'Christina - FL 2009','jpg','afaa7813108aafb9f4133a1cce15f056.jpg',1024,768,'tn_afaa7813108aafb9f4133a1cce15f056.jpg','ds_afaa7813108aafb9f4133a1cce15f056.jpg','','2011-10-30 17:48:19'),(224,16,'July 2011','jpg','622e37109d69adcf073af97a6d16c7a4.jpg',1200,900,'tn_622e37109d69adcf073af97a6d16c7a4.jpg','ds_622e37109d69adcf073af97a6d16c7a4.jpg','','2011-10-30 17:48:19'),(225,16,'Mateo TBone','jpg','f9c018913b822d594055dfe0a8a533e8.jpg',1200,900,'tn_f9c018913b822d594055dfe0a8a533e8.jpg','ds_f9c018913b822d594055dfe0a8a533e8.jpg','','2011-10-30 17:48:20'),(226,16,'SeaXP DEC 2009','jpg','14c81b454c53ab507f163acb8ef711ad.jpg',1200,900,'tn_14c81b454c53ab507f163acb8ef711ad.jpg','ds_14c81b454c53ab507f163acb8ef711ad.jpg','','2011-10-30 17:50:35'),(227,16,'SeaXP DEC 2010','jpg','a230a40108d2bcf951e39fc521e0bd4b.jpg',1200,900,'tn_a230a40108d2bcf951e39fc521e0bd4b.jpg','ds_a230a40108d2bcf951e39fc521e0bd4b.jpg','','2011-10-30 17:50:35'),(228,16,'SeaXP JAN 2011','jpg','65cd70304c2ac70d8f12db28aab1c72d.jpg',1200,900,'tn_65cd70304c2ac70d8f12db28aab1c72d.jpg','ds_65cd70304c2ac70d8f12db28aab1c72d.jpg','','2011-10-30 17:50:36'),(229,16,'SeaXP MAR 2010','jpg','7350b8f161da78bc112ee60ab9ed542b.jpg',1024,768,'tn_7350b8f161da78bc112ee60ab9ed542b.jpg','ds_7350b8f161da78bc112ee60ab9ed542b.jpg','','2011-10-30 17:50:36'),(230,16,'SeaXP MAR 2011','jpg','0584e15d7d101eb155b7d18428ec2e8f.jpg',1200,900,'tn_0584e15d7d101eb155b7d18428ec2e8f.jpg','ds_0584e15d7d101eb155b7d18428ec2e8f.jpg','','2011-10-30 17:50:37'),(231,16,'SeaXP MAY 2010','jpg','d727ac0e7aa04425e58b7c3379779c93.jpg',1200,900,'tn_d727ac0e7aa04425e58b7c3379779c93.jpg','ds_d727ac0e7aa04425e58b7c3379779c93.jpg','','2011-10-30 17:52:35'),(232,16,'SeaXP MAY 2011','jpg','1e11bd4c5c4bd8472aafdefcbf1c68a1.jpg',1200,900,'tn_1e11bd4c5c4bd8472aafdefcbf1c68a1.jpg','ds_1e11bd4c5c4bd8472aafdefcbf1c68a1.jpg','','2011-10-30 17:52:35'),(233,16,'SeaXP NOV 2009','jpg','e03ef787360e37478be8b6e8b342f182.jpg',1200,746,'tn_e03ef787360e37478be8b6e8b342f182.jpg','ds_e03ef787360e37478be8b6e8b342f182.jpg','','2011-10-30 17:52:37'),(234,16,'SeaXP NOV 2010','jpg','853d40ba4b198c4fba14a9caaed0685f.jpg',1200,900,'tn_853d40ba4b198c4fba14a9caaed0685f.jpg','ds_853d40ba4b198c4fba14a9caaed0685f.jpg','','2011-10-30 17:52:37'),(235,16,'SeaXP SEP 2010','jpg','4683504d41782db3c5151f8b5b395277.jpg',1200,900,'tn_4683504d41782db3c5151f8b5b395277.jpg','ds_4683504d41782db3c5151f8b5b395277.jpg','','2011-10-30 17:52:38'),(236,16,'SeaXP AUG 2010','jpg','8348f09400c7fa8159458a069e91022b.jpg',1200,900,'tn_8348f09400c7fa8159458a069e91022b.jpg','ds_8348f09400c7fa8159458a069e91022b.jpg','','2011-10-30 17:54:25'),(237,16,'SeaXP Stick-It 2010','jpg','7bf41368b6edc99ab2cb3b92047d553d.jpg',1024,768,'tn_7bf41368b6edc99ab2cb3b92047d553d.jpg','ds_7bf41368b6edc99ab2cb3b92047d553d.jpg','','2011-10-30 17:54:26'),(238,16,'Texas OCT 2011','jpg','957967e22062c48bca9f55b2505f105c.jpg',1200,900,'tn_957967e22062c48bca9f55b2505f105c.jpg','ds_957967e22062c48bca9f55b2505f105c.jpg','','2011-10-30 19:08:47'),(239,14,'Dive Deck','jpg','f36ea81451f40e19a0355ebb297a570b.jpg',0,0,'tn_f36ea81451f40e19a0355ebb297a570b.jpg','ds_f36ea81451f40e19a0355ebb297a570b.jpg','The dive deck (partial view).  Each diver has a storage gear storage locker.','2011-11-27 00:32:55'),(240,14,'Salon','jpg','fedbdc7403676df79ad091092c4bd32c.jpg',0,0,'tn_fedbdc7403676df79ad091092c4bd32c.jpg','ds_fedbdc7403676df79ad091092c4bd32c.jpg','Stepping into the salon looking forward.','2011-11-27 00:33:10'),(241,14,'Salon','jpg','cb7bb19dce1ac772e99b6a5f02f912a2.jpg',0,0,'tn_cb7bb19dce1ac772e99b6a5f02f912a2.jpg','ds_cb7bb19dce1ac772e99b6a5f02f912a2.jpg','The wet bar in the salon.','2011-11-27 00:33:21'),(242,14,'Salon','jpg','584fb7fe30143b1df4778347ee60c531.jpg',0,0,'tn_584fb7fe30143b1df4778347ee60c531.jpg','ds_584fb7fe30143b1df4778347ee60c531.jpg','Salon - starboard side.','2011-11-27 00:33:32'),(243,14,'Salon','jpg','7ec6eaa3a4f3cc96fad8670cc882056a.jpg',0,0,'tn_7ec6eaa3a4f3cc96fad8670cc882056a.jpg','ds_7ec6eaa3a4f3cc96fad8670cc882056a.jpg','Salon - port side','2011-11-27 00:33:43'),(244,14,'Galley','jpg','35360ad7bab8618287ed190656f7d1ea.jpg',0,0,'tn_35360ad7bab8618287ed190656f7d1ea.jpg','ds_35360ad7bab8618287ed190656f7d1ea.jpg','Galley looking forward.','2011-11-27 00:33:56'),(245,14,'Below Main Deck','jpg','3038314f5fcc21c431d164196eb9b36a.jpg',0,0,'tn_3038314f5fcc21c431d164196eb9b36a.jpg','ds_3038314f5fcc21c431d164196eb9b36a.jpg','Hallway to the guest quarters, looking aft.','2011-11-27 00:34:05'),(246,14,'Guest Quarters','jpg','bfd410345ca170d29e6433afcef2dd4f.jpg',0,0,'tn_bfd410345ca170d29e6433afcef2dd4f.jpg','ds_bfd410345ca170d29e6433afcef2dd4f.jpg','Guest quarters','2011-11-27 00:34:18');
/*!40000 ALTER TABLE `images` ENABLE KEYS */;
UNLOCK TABLES;

--
-- Table structure for table `imageviews`
--

DROP TABLE IF EXISTS `imageviews`;
/*!40101 SET @saved_cs_client     = @@character_set_client */;
/*!40101 SET character_set_client = utf8 */;
CREATE TABLE `imageviews` (
  `id` int(8) NOT NULL AUTO_INCREMENT,
  `filename` text NOT NULL,
  `counter` int(8) DEFAULT NULL,
  PRIMARY KEY (`id`),
  UNIQUE KEY `id` (`id`)
) ENGINE=InnoDB AUTO_INCREMENT=314 DEFAULT CHARSET=latin1;
/*!40101 SET character_set_client = @saved_cs_client */;

--
-- Dumping data for table `imageviews`
--

LOCK TABLES `imageviews` WRITE;
/*!40000 ALTER TABLE `imageviews` DISABLE KEYS */;
INSERT INTO `imageviews` VALUES (281,'/intotheblue.us/image_gallery/images/images/11dd29de1cfd373ffcc6fda04739ccec.jpg',2),(282,'/intotheblue.us/image_gallery/images/images/7aaaa7dac281e736f3f349b4554ad1fb.jpg',2),(283,'/intotheblue.us/image_gallery/images/images/073b8c0c0835db2f33c2aed3658e591d.jpg',4),(284,'/intotheblue.us/image_gallery/images/images/1666fd105836b06c011daf07c0654c13.jpg',3),(285,'/intotheblue.us/image_gallery/images/images/0eb68a39f957923cb06cf19f04ef3e17.jpg',1),(286,'/intotheblue.us/image_gallery/images/images/a444064b6faa0099d850572064197625.jpg',1),(287,'/intotheblue.us/image_gallery/images/images/0bef73ad7767a0af8bb0f1719995630b.jpg',1),(288,'/intotheblue.us/image_gallery/images/images/f7889b0289df9619a26652ef9f3291f3.jpg',1),(289,'/intotheblue.us/image_gallery/images/images/3d33c46e9d6cd9113b2cbf84fe9ccd10.jpg',1),(290,'/intotheblue.us/image_gallery/images/images/066552b394075806bce2d44568236a29.jpg',1),(291,'/intotheblue.us/image_gallery/images/images/ebb8110dbceeed8cde7101ccf7221541.jpg',1),(292,'/intotheblue.us/image_gallery/images/images/6ba570d13edbc27d86d837a70098c7ac.jpg',1),(293,'/intotheblue.us/image_gallery/images/images/f9ce0544f2bee896660c2d3a0db93a96.jpg',1),(294,'/intotheblue.us/image_gallery/images/images/975c5aeb7284071147472ddf0c25b332.jpg',1),(295,'/intotheblue.us/image_gallery/images/images/ae21697deb2f8c5f0c09e1ce644fa32d.jpg',1),(296,'/intotheblue.us/image_gallery/images/images/affaa6e86075391ee42780f91ee88f3a.jpg',1),(297,'/intotheblue.us/image_gallery/images/images/b558368b5cda54cea48644f77e57570d.jpg',1),(298,'/intotheblue.us/image_gallery/images/images/afaa7813108aafb9f4133a1cce15f056.jpg',1),(299,'/intotheblue.us/image_gallery/images/images/622e37109d69adcf073af97a6d16c7a4.jpg',1),(300,'/intotheblue.us/image_gallery/images/images/f9c018913b822d594055dfe0a8a533e8.jpg',1),(301,'/intotheblue.us/image_gallery/images/images/14c81b454c53ab507f163acb8ef711ad.jpg',1),(302,'/intotheblue.us/image_gallery/images/images/a230a40108d2bcf951e39fc521e0bd4b.jpg',1),(303,'/intotheblue.us/image_gallery/images/images/65cd70304c2ac70d8f12db28aab1c72d.jpg',1),(304,'/intotheblue.us/image_gallery/images/images/7350b8f161da78bc112ee60ab9ed542b.jpg',1),(305,'/intotheblue.us/image_gallery/images/images/0584e15d7d101eb155b7d18428ec2e8f.jpg',2),(306,'/intotheblue.us/image_gallery/images/images/d727ac0e7aa04425e58b7c3379779c93.jpg',2),(307,'/intotheblue.us/image_gallery/images/images/1e11bd4c5c4bd8472aafdefcbf1c68a1.jpg',1),(308,'/intotheblue.us/image_gallery/images/images/e03ef787360e37478be8b6e8b342f182.jpg',1),(309,'/intotheblue.us/image_gallery/images/images/853d40ba4b198c4fba14a9caaed0685f.jpg',1),(310,'/intotheblue.us/image_gallery/images/images/4683504d41782db3c5151f8b5b395277.jpg',1),(311,'/intotheblue.us/image_gallery/images/images/8348f09400c7fa8159458a069e91022b.jpg',1),(312,'/intotheblue.us/image_gallery/images/images/7bf41368b6edc99ab2cb3b92047d553d.jpg',1),(313,'/intotheblue.us/image_gallery/images/images/957967e22062c48bca9f55b2505f105c.jpg',1);
/*!40000 ALTER TABLE `imageviews` ENABLE KEYS */;
UNLOCK TABLES;

--
-- Table structure for table `users`
--

DROP TABLE IF EXISTS `users`;
/*!40101 SET @saved_cs_client     = @@character_set_client */;
/*!40101 SET character_set_client = utf8 */;
CREATE TABLE `users` (
  `id` int(8) NOT NULL AUTO_INCREMENT,
  `gallery_id` int(8) NOT NULL,
  `email` varchar(128) NOT NULL DEFAULT '',
  `passwd` varchar(128) NOT NULL,
  `fname` varchar(64) NOT NULL DEFAULT '',
  `lname` varchar(64) NOT NULL DEFAULT '',
  `collection_id` int(8) NOT NULL,
  `deleted` enum('Y','N') NOT NULL DEFAULT 'N',
  `timestamp` timestamp NOT NULL DEFAULT CURRENT_TIMESTAMP ON UPDATE CURRENT_TIMESTAMP,
  PRIMARY KEY (`id`),
  UNIQUE KEY `id` (`id`)
) ENGINE=MyISAM AUTO_INCREMENT=15 DEFAULT CHARSET=utf8;
/*!40101 SET character_set_client = @saved_cs_client */;

--
-- Dumping data for table `users`
--

LOCK TABLES `users` WRITE;
/*!40000 ALTER TABLE `users` DISABLE KEYS */;
INSERT INTO `users` VALUES (7,1002,'biodiver101@gmail.com','*B498D65C443E76F8BF35C2A1920D640E97EC1D20','Christina','Garcia',18,'N','2011-07-28 16:32:42'),(8,1003,'captainmarkos@gmail.com','*2081AB8A3FDF93DDD9A7B2B17756FA5908648B2B','Captain','Markos',16,'N','2011-07-28 16:32:59'),(12,1001,'jasonreichle@gmail.com','*0C881B7691FDC3B2DF900080980AE98F217FBA8C','Jason','Reichle',20,'N','2011-07-28 16:32:27'),(13,1000,'goldencoconut.us@gmail.com','*2081AB8A3FDF93DDD9A7B2B17756FA5908648B2B','Golden','Coconut',21,'N','2011-07-28 16:31:49'),(14,1004,'paradise@paradisecharters.com','*7C68AE4BC515187552BC7548D217286A848CA8B7','','',0,'N','2011-10-25 15:49:13');
/*!40000 ALTER TABLE `users` ENABLE KEYS */;
UNLOCK TABLES;
/*!40103 SET TIME_ZONE=@OLD_TIME_ZONE */;

/*!40101 SET SQL_MODE=@OLD_SQL_MODE */;
/*!40014 SET FOREIGN_KEY_CHECKS=@OLD_FOREIGN_KEY_CHECKS */;
/*!40014 SET UNIQUE_CHECKS=@OLD_UNIQUE_CHECKS */;
/*!40101 SET CHARACTER_SET_CLIENT=@OLD_CHARACTER_SET_CLIENT */;
/*!40101 SET CHARACTER_SET_RESULTS=@OLD_CHARACTER_SET_RESULTS */;
/*!40101 SET COLLATION_CONNECTION=@OLD_COLLATION_CONNECTION */;
/*!40111 SET SQL_NOTES=@OLD_SQL_NOTES */;

-- Dump completed on 2012-08-18 17:33:04
